course_id,userid_DI,final_cc_cname_DI,LoE_DI,YoB,gender,ndays_act
HarvardX/CB22x/2013_Spring,MHxPC130069875,India,Secondary,1994,m,4
HarvardX/CB22x/2013_Spring,MHxPC130114587,Other South America,Bachelor's,1990,m,4
HarvardX/CB22x/2013_Spring,MHxPC130122866,Other Europe,Master's,1978,m,1
HarvardX/CB22x/2013_Spring,MHxPC130470188,Other East Asia,Bachelor's,1983,m,2
HarvardX/CB22x/2013_Spring,MHxPC130263156,Other Europe,Master's,1977,m,2
HarvardX/CB22x/2013_Spring,MHxPC130166676,India,Bachelor's,1991,f,2
HarvardX/CB22x/2013_Spring,MHxPC130310675,India,Bachelor's,1990,m,4
HarvardX/CB22x/2013_Spring,MHxPC130490118,Mexico,Secondary,1991,m,2
HarvardX/CB22x/2013_Spring,MHxPC130378021,Other East Asia,Bachelor's,1990,m,7
HarvardX/CB22x/2013_Spring,MHxPC130419064,India,Bachelor's,1989,m,1
HarvardX/CB22x/2013_Spring,MHxPC130494943,United States,Master's,1973,m,1
HarvardX/CB22x/2013_Spring,MHxPC130076788,Other South Asia,Secondary,1994,m,6
HarvardX/CB22x/2013_Spring,MHxPC130547328,India,Secondary,1991,m,2
HarvardX/CB22x/2013_Spring,MHxPC130456291,Other Europe,Secondary,1983,m,1
HarvardX/CB22x/2013_Spring,MHxPC130543887,India,Bachelor's,1988,m,1
HarvardX/CB22x/2013_Spring,MHxPC130524716,India,Secondary,1991,m,4
HarvardX/CB22x/2013_Spring,MHxPC130531667,Other Europe,Bachelor's,1982,m,5
HarvardX/CB22x/2013_Spring,MHxPC130252839,Other Africa,Secondary,1993,m,3
HarvardX/CB22x/2013_Spring,MHxPC130171217,Other Europe,Secondary,1983,m,4
HarvardX/CB22x/2013_Spring,MHxPC130126585,Bangladesh,Secondary,1992,m,1
HarvardX/CB22x/2013_Spring,MHxPC130360177,Unknown/Other,Master's,1979,m,0
HarvardX/CB22x/2013_Spring,MHxPC130061043,United Kingdom,Secondary,1988,f,1
HarvardX/CB22x/2013_Spring,MHxPC130386513,India,Master's,1981,m,2
HarvardX/CB22x/2013_Spring,MHxPC130413350,Unknown/Other,Secondary,1992,m,0
HarvardX/CB22x/2013_Spring,MHxPC130546123,Brazil,Bachelor's,1988,m,3
HarvardX/CB22x/2013_Spring,MHxPC130554044,India,Secondary,1992,m,1
HarvardX/CB22x/2013_Spring,MHxPC130466518,Brazil,Bachelor's,1990,m,1
HarvardX/CB22x/2013_Spring,MHxPC130538197,United States,Bachelor's,1977,f,3
HarvardX/CB22x/2013_Spring,MHxPC130439781,Other Europe,Master's,1984,m,3
HarvardX/CB22x/2013_Spring,MHxPC130586797,Unknown/Other,Master's,1979,m,0
HarvardX/CB22x/2013_Spring,MHxPC130215246,United States,Master's,1987,m,26
HarvardX/CB22x/2013_Spring,MHxPC130483632,Greece,Master's,1984,f,2
HarvardX/CB22x/2013_Spring,MHxPC130378284,Egypt,Secondary,1992,m,2
HarvardX/CB22x/2013_Spring,MHxPC130389539,United States,Secondary,1990,f,1
HarvardX/CB22x/2013_Spring,MHxPC130103685,United States,Bachelor's,1987,m,1
HarvardX/CB22x/2013_Spring,MHxPC130268528,United States,Secondary,1996,m,15
HarvardX/CB22x/2013_Spring,MHxPC130506007,Unknown/Other,Bachelor's,1988,f,0
HarvardX/CB22x/2013_Spring,MHxPC130153927,Canada,Bachelor's,1987,f,1
HarvardX/CB22x/2013_Spring,MHxPC130226849,United States,Master's,1979,m,20
HarvardX/CB22x/2013_Spring,MHxPC130564204,United States,Bachelor's,1979,m,2
HarvardX/CB22x/2013_Spring,MHxPC130531226,Greece,Secondary,1990,m,3
HarvardX/CB22x/2013_Spring,MHxPC130508612,India,Secondary,1992,m,1
HarvardX/CB22x/2013_Spring,MHxPC130182126,Mexico,Secondary,1991,m,18
HarvardX/CB22x/2013_Spring,MHxPC130578969,Canada,Secondary,1989,m,1
HarvardX/CB22x/2013_Spring,MHxPC130030877,Other South Asia,Secondary,1992,m,13
HarvardX/CB22x/2013_Spring,MHxPC130048139,Other Europe,Secondary,1985,m,1
HarvardX/CB22x/2013_Spring,MHxPC130165183,Brazil,Master's,1984,m,0
HarvardX/CB22x/2013_Spring,MHxPC130114777,Other South Asia,Master's,1983,m,1
HarvardX/CB22x/2013_Spring,MHxPC130130022,Canada,Secondary,1994,m,7
HarvardX/CB22x/2013_Spring,MHxPC130229829,United States,Secondary,1993,m,3
HarvardX/CB22x/2013_Spring,MHxPC130326725,United Kingdom,Secondary,1993,f,10
HarvardX/CB22x/2013_Spring,MHxPC130442607,United States,Bachelor's,1965,m,0
HarvardX/CB22x/2013_Spring,MHxPC130447616,United States,Master's,1987,f,1
HarvardX/CB22x/2013_Spring,MHxPC130056418,China,Master's,1987,m,1
HarvardX/CB22x/2013_Spring,MHxPC130029194,India,Secondary,1993,m,1
HarvardX/CB22x/2013_Spring,MHxPC130256673,United States,Secondary,1987,m,1
HarvardX/CB22x/2013_Spring,MHxPC130557920,Brazil,Bachelor's,1980,m,2
HarvardX/CB22x/2013_Spring,MHxPC130331676,United States,Bachelor's,1990,m,0
HarvardX/CB22x/2013_Spring,MHxPC130185215,United States,Bachelor's,1972,m,3
HarvardX/CB22x/2013_Spring,MHxPC130040053,Mexico,Secondary,1994,m,0
HarvardX/CB22x/2013_Spring,MHxPC130444851,United States,Secondary,1991,m,1
HarvardX/CB22x/2013_Spring,MHxPC130029986,Other Middle East/Central Asia,Bachelor's,1986,m,0
HarvardX/CB22x/2013_Spring,MHxPC130348818,United States,Master's,1974,m,12
HarvardX/CB22x/2013_Spring,MHxPC130244758,United States,Master's,1956,f,1
HarvardX/CB22x/2013_Spring,MHxPC130593609,India,Bachelor's,1989,m,1
HarvardX/CB22x/2013_Spring,MHxPC130144718,India,Bachelor's,1985,m,1
HarvardX/CB22x/2013_Spring,MHxPC130523790,Brazil,Secondary,1987,m,0
HarvardX/CB22x/2013_Spring,MHxPC130451242,Other Europe,Doctorate,1974,m,0
HarvardX/CB22x/2013_Spring,MHxPC130381734,India,Bachelor's,1991,m,6
HarvardX/CB22x/2013_Spring,MHxPC130272142,United States,Doctorate,1964,f,5
HarvardX/CB22x/2013_Spring,MHxPC130421546,United States,Secondary,1964,f,3
HarvardX/CB22x/2013_Spring,MHxPC130089352,United States,Bachelor's,1969,m,4
HarvardX/CB22x/2013_Spring,MHxPC130517668,India,Secondary,1995,m,1
HarvardX/CB22x/2013_Spring,MHxPC130482522,United States,Doctorate,1970,m,1
HarvardX/CB22x/2013_Spring,MHxPC130502156,United States,Bachelor's,1954,f,5
HarvardX/CB22x/2013_Spring,MHxPC130498898,United States,Bachelor's,1982,m,6
HarvardX/CB22x/2013_Spring,MHxPC130469496,Japan,Secondary,1994,m,1
HarvardX/CB22x/2013_Spring,MHxPC130341640,United Kingdom,Bachelor's,1976,m,6
HarvardX/CB22x/2013_Spring,MHxPC130214334,Canada,Bachelor's,1988,m,0
HarvardX/CB22x/2013_Spring,MHxPC130221959,United States,Bachelor's,1989,m,3
HarvardX/CB22x/2013_Spring,MHxPC130488992,United States,Secondary,1983,m,0
HarvardX/CB22x/2013_Spring,MHxPC130050264,Other Middle East/Central Asia,Bachelor's,1989,m,3
HarvardX/CB22x/2013_Spring,MHxPC130448452,Other Africa,Bachelor's,1986,m,12
HarvardX/CB22x/2013_Spring,MHxPC130458673,United States,Bachelor's,1979,m,1
HarvardX/CB22x/2013_Spring,MHxPC130520285,United Kingdom,Secondary,1994,m,3
HarvardX/CB22x/2013_Spring,MHxPC130561878,United States,Master's,1976,m,4
HarvardX/CB22x/2013_Spring,MHxPC130188735,Canada,Secondary,1985,m,25
HarvardX/CB22x/2013_Spring,MHxPC130304209,Brazil,Secondary,1984,m,2
HarvardX/CB22x/2013_Spring,MHxPC130319905,Other Middle East/Central Asia,Bachelor's,1989,m,2
HarvardX/CB22x/2013_Spring,MHxPC130458086,Other Europe,Less than Secondary,1995,m,0
HarvardX/CB22x/2013_Spring,MHxPC130134640,Other Europe,Secondary,1995,m,1
HarvardX/CB22x/2013_Spring,MHxPC130131982,India,Bachelor's,1990,m,0
HarvardX/CB22x/2013_Spring,MHxPC130585342,Unknown/Other,Master's,1987,f,0
HarvardX/CB22x/2013_Spring,MHxPC130056262,United States,Bachelor's,1983,f,1
HarvardX/CB22x/2013_Spring,MHxPC130150921,United States,Bachelor's,1988,f,1
HarvardX/CB22x/2013_Spring,MHxPC130306846,United States,Bachelor's,1985,m,1
HarvardX/CB22x/2013_Spring,MHxPC130310511,Canada,Bachelor's,1990,m,2
HarvardX/CB22x/2013_Spring,MHxPC130247253,Other Europe,Secondary,1988,f,2
HarvardX/CB22x/2013_Spring,MHxPC130012759,United States,Bachelor's,1989,f,2
HarvardX/CB22x/2013_Spring,MHxPC130521034,United States,Bachelor's,1985,m,3
HarvardX/CB22x/2013_Spring,MHxPC130189117,United States,Secondary,1989,f,1
HarvardX/CB22x/2013_Spring,MHxPC130323584,Brazil,Bachelor's,1988,m,10
HarvardX/CB22x/2013_Spring,MHxPC130242888,Other Africa,Secondary,1991,m,0
HarvardX/CB22x/2013_Spring,MHxPC130356863,United Kingdom,Bachelor's,1981,f,39
HarvardX/CB22x/2013_Spring,MHxPC130549487,United States,Secondary,1992,m,0
HarvardX/CB22x/2013_Spring,MHxPC130365509,Brazil,Master's,1983,f,4
HarvardX/CB22x/2013_Spring,MHxPC130104321,United States,Bachelor's,1984,m,1
HarvardX/CB22x/2013_Spring,MHxPC130016960,United States,Less than Secondary,1998,m,1
HarvardX/CB22x/2013_Spring,MHxPC130560067,United States,Master's,1958,f,5
HarvardX/CB22x/2013_Spring,MHxPC130203276,United Kingdom,Bachelor's,1968,m,1
HarvardX/CB22x/2013_Spring,MHxPC130445914,United States,Bachelor's,1985,m,5
HarvardX/CB22x/2013_Spring,MHxPC130262394,Brazil,Bachelor's,1989,f,0
HarvardX/CB22x/2013_Spring,MHxPC130336885,United States,Secondary,1993,m,1
HarvardX/CB22x/2013_Spring,MHxPC130409208,United Kingdom,Master's,1987,m,31
HarvardX/CB22x/2013_Spring,MHxPC130324535,United States,Secondary,1982,f,2
HarvardX/CB22x/2013_Spring,MHxPC130247585,United States,Bachelor's,1984,f,0
HarvardX/CB22x/2013_Spring,MHxPC130017135,United States,Bachelor's,1982,f,2
HarvardX/CB22x/2013_Spring,MHxPC130594418,United States,Bachelor's,1987,f,1
HarvardX/CB22x/2013_Spring,MHxPC130406500,United States,Bachelor's,1989,f,5
HarvardX/CB22x/2013_Spring,MHxPC130502845,Unknown/Other,Bachelor's,1984,m,0
HarvardX/CB22x/2013_Spring,MHxPC130132325,India,Bachelor's,1991,m,1
HarvardX/CB22x/2013_Spring,MHxPC130301100,United States,Secondary,1993,m,1
HarvardX/CB22x/2013_Spring,MHxPC130501783,Unknown/Other,Master's,1983,m,0
HarvardX/CB22x/2013_Spring,MHxPC130553273,United States,Bachelor's,1987,m,2
HarvardX/CB22x/2013_Spring,MHxPC130102738,India,Bachelor's,1990,m,1
HarvardX/CB22x/2013_Spring,MHxPC130278207,India,Bachelor's,1988,m,2
HarvardX/CB22x/2013_Spring,MHxPC130276316,United States,Secondary,1981,f,3
HarvardX/CB22x/2013_Spring,MHxPC130340661,"Other North & Central Amer., Caribbean",Secondary,1993,f,2
HarvardX/CB22x/2013_Spring,MHxPC130594714,Canada,Secondary,1991,m,4
HarvardX/CB22x/2013_Spring,MHxPC130558121,United States,Secondary,1994,m,6
HarvardX/CB22x/2013_Spring,MHxPC130302514,United States,Secondary,1974,m,3
HarvardX/CB22x/2013_Spring,MHxPC130560898,United States,Master's,1983,m,7
HarvardX/CB22x/2013_Spring,MHxPC130530881,United States,Doctorate,1967,m,3
HarvardX/CB22x/2013_Spring,MHxPC130210140,Other East Asia,Bachelor's,1985,m,1
HarvardX/CB22x/2013_Spring,MHxPC130246989,Mexico,Secondary,1992,m,4
HarvardX/CB22x/2013_Spring,MHxPC130146728,China,Master's,1981,m,11
HarvardX/CB22x/2013_Spring,MHxPC130505354,Brazil,Bachelor's,1990,m,4
HarvardX/CB22x/2013_Spring,MHxPC130367178,India,Bachelor's,1990,f,0
HarvardX/CB22x/2013_Spring,MHxPC130448862,United States,Master's,1987,m,2
HarvardX/CB22x/2013_Spring,MHxPC130280343,Brazil,Master's,1972,f,9
HarvardX/CB22x/2013_Spring,MHxPC130592767,United States,Master's,1962,m,5
HarvardX/CB22x/2013_Spring,MHxPC130255042,United States,Secondary,1995,f,0
HarvardX/CB22x/2013_Spring,MHxPC130334535,United States,Bachelor's,1988,m,11
HarvardX/CB22x/2013_Spring,MHxPC130312227,United States,Less than Secondary,1996,f,2
HarvardX/CB22x/2013_Spring,MHxPC130129940,Brazil,Secondary,1987,m,6
HarvardX/CB22x/2013_Spring,MHxPC130284970,United States,Master's,1977,m,7
HarvardX/CB22x/2013_Spring,MHxPC130431841,United States,Bachelor's,1961,f,0
HarvardX/CB22x/2013_Spring,MHxPC130536137,Unknown/Other,Bachelor's,1986,m,0
HarvardX/CB22x/2013_Spring,MHxPC130237842,United States,Secondary,1993,f,1
HarvardX/CB22x/2013_Spring,MHxPC130117598,Other Europe,Bachelor's,1986,m,1
HarvardX/CB22x/2013_Spring,MHxPC130242898,Other Europe,Secondary,1993,m,54
HarvardX/CB22x/2013_Spring,MHxPC130520755,United States,Bachelor's,1989,m,14
HarvardX/CB22x/2013_Spring,MHxPC130461288,United States,Master's,1977,m,1
HarvardX/CB22x/2013_Spring,MHxPC130478394,Other Europe,Master's,1983,f,2
HarvardX/CB22x/2013_Spring,MHxPC130142159,India,Bachelor's,1990,f,1
HarvardX/CB22x/2013_Spring,MHxPC130542534,United States,Secondary,1993,m,2
HarvardX/CB22x/2013_Spring,MHxPC130587829,Other Africa,Bachelor's,1987,f,3
HarvardX/CB22x/2013_Spring,MHxPC130162846,Other East Asia,Secondary,1994,m,1
HarvardX/CB22x/2013_Spring,MHxPC130160539,Other Europe,Secondary,1991,f,8
HarvardX/CB22x/2013_Spring,MHxPC130321106,United States,Bachelor's,1977,f,0
HarvardX/CB22x/2013_Spring,MHxPC130140571,Other Europe,Secondary,1989,m,1
HarvardX/CB22x/2013_Spring,MHxPC130238851,United Kingdom,Bachelor's,1982,m,3
HarvardX/CB22x/2013_Spring,MHxPC130516765,Other Middle East/Central Asia,Master's,1988,f,1
HarvardX/CB22x/2013_Spring,MHxPC130464767,United Kingdom,Master's,1987,m,1
HarvardX/CB22x/2013_Spring,MHxPC130254986,United Kingdom,Bachelor's,1968,m,1
HarvardX/CB22x/2013_Spring,MHxPC130143029,Other Europe,Less than Secondary,1994,m,1
HarvardX/CB22x/2013_Spring,MHxPC130382847,United Kingdom,Master's,1980,f,4
HarvardX/CB22x/2013_Spring,MHxPC130357994,Philippines,Secondary,1995,m,5
HarvardX/CB22x/2013_Spring,MHxPC130159293,Other South America,Bachelor's,1990,m,2
HarvardX/CB22x/2013_Spring,MHxPC130041077,India,Secondary,1993,m,1
HarvardX/CB22x/2013_Spring,MHxPC130216772,United Kingdom,Secondary,1992,f,7
HarvardX/CB22x/2013_Spring,MHxPC130537092,United States,Bachelor's,1953,f,11
HarvardX/CB22x/2013_Spring,MHxPC130067345,United Kingdom,Bachelor's,1989,f,12
HarvardX/CB22x/2013_Spring,MHxPC130475007,Unknown/Other,Secondary,1994,f,0
HarvardX/CB22x/2013_Spring,MHxPC130493315,Other South Asia,Bachelor's,1985,m,3
HarvardX/CB22x/2013_Spring,MHxPC130234844,United States,Secondary,1955,f,0
HarvardX/CB22x/2013_Spring,MHxPC130303963,United States,Secondary,1991,f,2
HarvardX/CB22x/2013_Spring,MHxPC130219600,United States,Secondary,1993,m,5
HarvardX/CB22x/2013_Spring,MHxPC130430385,Brazil,Bachelor's,1980,m,2
HarvardX/CB22x/2013_Spring,MHxPC130411600,United States,Master's,1984,m,10
HarvardX/CB22x/2013_Spring,MHxPC130355017,Brazil,Secondary,1992,f,4
HarvardX/CB22x/2013_Spring,MHxPC130380241,United States,Master's,1985,m,5
HarvardX/CB22x/2013_Spring,MHxPC130124222,India,Bachelor's,1992,m,1
HarvardX/CB22x/2013_Spring,MHxPC130035669,United States,Secondary,1978,m,0
HarvardX/CB22x/2013_Spring,MHxPC130130133,United States,Bachelor's,1983,f,0
HarvardX/CB22x/2013_Spring,MHxPC130594020,Other Europe,Bachelor's,1984,m,0
HarvardX/CB22x/2013_Spring,MHxPC130308526,United States,Bachelor's,1961,f,6
HarvardX/CB22x/2013_Spring,MHxPC130486849,India,Master's,1984,m,3
HarvardX/CB22x/2013_Spring,MHxPC130102745,Brazil,Bachelor's,1984,m,8
HarvardX/CB22x/2013_Spring,MHxPC130510820,Unknown/Other,Bachelor's,1984,m,0
HarvardX/CB22x/2013_Spring,MHxPC130210046,United States,Doctorate,1980,m,2
HarvardX/CB22x/2013_Spring,MHxPC130472601,United States,Secondary,1994,f,1
HarvardX/CB22x/2013_Spring,MHxPC130334818,United States,Secondary,1974,m,0
HarvardX/CB22x/2013_Spring,MHxPC130323094,"Other North & Central Amer., Caribbean",Secondary,1988,m,3
HarvardX/CB22x/2013_Spring,MHxPC130025387,Unknown/Other,Master's,1988,m,0
HarvardX/CB22x/2013_Spring,MHxPC130169685,United Kingdom,Master's,1990,f,5
HarvardX/CB22x/2013_Spring,MHxPC130137608,Unknown/Other,Secondary,1992,m,0
HarvardX/CB22x/2013_Spring,MHxPC130116568,United States,Secondary,1990,m,1
HarvardX/CB22x/2013_Spring,MHxPC130278719,United States,Secondary,1987,m,4
HarvardX/CB22x/2013_Spring,MHxPC130257730,United States,Master's,1961,f,1
HarvardX/CB22x/2013_Spring,MHxPC130067881,United States,Secondary,1969,f,0
HarvardX/CB22x/2013_Spring,MHxPC130203845,Brazil,Master's,1968,m,5
HarvardX/CB22x/2013_Spring,MHxPC130187512,United States,Less than Secondary,1998,f,8
HarvardX/CB22x/2013_Spring,MHxPC130232343,Brazil,Bachelor's,1984,f,0
HarvardX/CB22x/2013_Spring,MHxPC130376704,United States,Bachelor's,1979,f,5
HarvardX/CB22x/2013_Spring,MHxPC130572857,Other Europe,Master's,1987,f,5
HarvardX/CB22x/2013_Spring,MHxPC130173356,United States,Secondary,1991,f,1
HarvardX/CB22x/2013_Spring,MHxPC130164396,Other Africa,Bachelor's,1988,m,1
HarvardX/CB22x/2013_Spring,MHxPC130349222,United Kingdom,Bachelor's,1990,f,2
HarvardX/CB22x/2013_Spring,MHxPC130146385,United States,Secondary,1970,m,1
HarvardX/CB22x/2013_Spring,MHxPC130255585,United States,Bachelor's,1978,f,5
HarvardX/CB22x/2013_Spring,MHxPC130306658,United Kingdom,Bachelor's,1987,f,2
HarvardX/CB22x/2013_Spring,MHxPC130323347,France,Bachelor's,1989,m,10
HarvardX/CB22x/2013_Spring,MHxPC130491853,United States,Secondary,1995,m,1
HarvardX/CB22x/2013_Spring,MHxPC130025222,United Kingdom,Bachelor's,1988,m,1
HarvardX/CB22x/2013_Spring,MHxPC130108128,Brazil,Bachelor's,1985,m,1
HarvardX/CB22x/2013_Spring,MHxPC130088026,United States,Bachelor's,1986,m,1
HarvardX/CB22x/2013_Spring,MHxPC130473865,United States,Bachelor's,1984,m,4
HarvardX/CB22x/2013_Spring,MHxPC130003686,United Kingdom,Secondary,1992,m,3
HarvardX/CB22x/2013_Spring,MHxPC130357181,United States,Bachelor's,1963,m,1
HarvardX/CB22x/2013_Spring,MHxPC130459529,Unknown/Other,Secondary,1985,f,0
HarvardX/CB22x/2013_Spring,MHxPC130390932,United States,Master's,1983,f,17
HarvardX/CB22x/2013_Spring,MHxPC130146553,United States,Bachelor's,1987,m,2
HarvardX/CB22x/2013_Spring,MHxPC130379639,United States,Secondary,1991,f,2
HarvardX/CB22x/2013_Spring,MHxPC130254367,Unknown/Other,Bachelor's,1988,f,0
HarvardX/CB22x/2013_Spring,MHxPC130353901,Brazil,Master's,1975,m,4
HarvardX/CB22x/2013_Spring,MHxPC130473917,Other East Asia,Master's,1987,f,5
HarvardX/CB22x/2013_Spring,MHxPC130265395,Brazil,Secondary,1997,m,1
HarvardX/CB22x/2013_Spring,MHxPC130034975,Japan,Bachelor's,1990,m,1
HarvardX/CB22x/2013_Spring,MHxPC130528086,Mexico,Bachelor's,1985,m,1
HarvardX/CB22x/2013_Spring,MHxPC130091995,United States,Bachelor's,1985,m,1
HarvardX/CB22x/2013_Spring,MHxPC130442040,United States,Bachelor's,1972,m,2
HarvardX/CB22x/2013_Spring,MHxPC130120598,Other Europe,Master's,1981,f,5
HarvardX/CB22x/2013_Spring,MHxPC130528880,Unknown/Other,Bachelor's,1983,f,0
HarvardX/CB22x/2013_Spring,MHxPC130025772,Brazil,Secondary,1989,f,1
HarvardX/CB22x/2013_Spring,MHxPC130237796,United States,Secondary,1992,m,1
HarvardX/CB22x/2013_Spring,MHxPC130096812,United States,Bachelor's,1986,f,6
HarvardX/CB22x/2013_Spring,MHxPC130220605,Unknown/Other,Less than Secondary,1995,f,0
HarvardX/CB22x/2013_Spring,MHxPC130139058,India,Secondary,1993,f,1
HarvardX/CB22x/2013_Spring,MHxPC130176967,Unknown/Other,Master's,1977,m,0
HarvardX/CB22x/2013_Spring,MHxPC130129562,India,Secondary,1993,m,1
HarvardX/CB22x/2013_Spring,MHxPC130159104,Unknown/Other,Bachelor's,1989,m,0
HarvardX/CB22x/2013_Spring,MHxPC130151216,United States,Secondary,1964,m,0
HarvardX/CB22x/2013_Spring,MHxPC130451178,United Kingdom,Master's,1984,f,1
HarvardX/CB22x/2013_Spring,MHxPC130294318,United States,Bachelor's,1987,m,4
HarvardX/CB22x/2013_Spring,MHxPC130154579,United Kingdom,Secondary,1990,m,2
HarvardX/CB22x/2013_Spring,MHxPC130341459,United States,Master's,1957,m,2
HarvardX/CB22x/2013_Spring,MHxPC130235981,India,Secondary,1993,m,2
HarvardX/CB22x/2013_Spring,MHxPC130436023,India,Secondary,1993,m,3
HarvardX/CB22x/2013_Spring,MHxPC130462359,United States,Secondary,1987,f,2
HarvardX/CB22x/2013_Spring,MHxPC130526651,United States,Secondary,1993,f,2
HarvardX/CB22x/2013_Spring,MHxPC130228491,United States,Secondary,1984,m,2
HarvardX/CB22x/2013_Spring,MHxPC130509722,India,Bachelor's,1983,m,1
HarvardX/CB22x/2013_Spring,MHxPC130198833,United States,Less than Secondary,1995,m,4
HarvardX/CB22x/2013_Spring,MHxPC130588822,Greece,Bachelor's,1968,f,5
HarvardX/CB22x/2013_Spring,MHxPC130417653,Brazil,Bachelor's,1983,m,1
HarvardX/CB22x/2013_Spring,MHxPC130453862,United States,Secondary,1992,f,0
HarvardX/CB22x/2013_Spring,MHxPC130179068,India,Bachelor's,1985,f,0
HarvardX/CB22x/2013_Spring,MHxPC130463019,India,Master's,1987,f,1
HarvardX/CB22x/2013_Spring,MHxPC130376228,Brazil,Secondary,1994,f,0
HarvardX/CB22x/2013_Spring,MHxPC130416941,United States,Secondary,1994,f,32
HarvardX/CB22x/2013_Spring,MHxPC130285846,United States,Bachelor's,1954,f,0
HarvardX/CB22x/2013_Spring,MHxPC130514365,United States,Bachelor's,1948,f,5
HarvardX/CB22x/2013_Spring,MHxPC130493563,Other East Asia,Master's,1972,m,1
HarvardX/CB22x/2013_Spring,MHxPC130454370,United States,Bachelor's,1987,f,0
HarvardX/CB22x/2013_Spring,MHxPC130211110,United States,Secondary,1995,f,3
HarvardX/CB22x/2013_Spring,MHxPC130465249,Canada,Master's,1982,m,54
HarvardX/CB22x/2013_Spring,MHxPC130361370,Brazil,Secondary,1996,m,2
HarvardX/CB22x/2013_Spring,MHxPC130220344,Brazil,Master's,1964,m,1
HarvardX/CB22x/2013_Spring,MHxPC130325878,United States,Bachelor's,1977,m,1
HarvardX/CB22x/2013_Spring,MHxPC130114988,United States,Bachelor's,1989,m,1
HarvardX/CB22x/2013_Spring,MHxPC130113583,United States,Secondary,1986,f,1
HarvardX/CB22x/2013_Spring,MHxPC130186783,United Kingdom,Bachelor's,1987,f,1
HarvardX/CB22x/2013_Spring,MHxPC130456690,United Kingdom,Secondary,1985,m,1
HarvardX/CB22x/2013_Spring,MHxPC130434333,Other Europe,Bachelor's,1980,f,3
HarvardX/CB22x/2013_Spring,MHxPC130417497,Other Africa,Secondary,1992,f,1
HarvardX/CB22x/2013_Spring,MHxPC130057592,Russian Federation,Secondary,1994,m,1
HarvardX/CB22x/2013_Spring,MHxPC130543742,United States,Secondary,1995,f,18
HarvardX/CB22x/2013_Spring,MHxPC130097691,United States,Doctorate,1953,m,1
HarvardX/CB22x/2013_Spring,MHxPC130309638,United States,Master's,1982,m,5
HarvardX/CB22x/2013_Spring,MHxPC130297277,Unknown/Other,Master's,1974,m,0
HarvardX/CB22x/2013_Spring,MHxPC130324180,United States,Master's,1975,m,20
HarvardX/CB22x/2013_Spring,MHxPC130251696,Unknown/Other,Bachelor's,1990,m,0
HarvardX/CB22x/2013_Spring,MHxPC130363754,United States,Master's,1955,m,0
HarvardX/CB22x/2013_Spring,MHxPC130263613,Other Europe,Master's,1972,m,2
HarvardX/CB22x/2013_Spring,MHxPC130337662,Other Europe,Secondary,1989,m,2
HarvardX/CB22x/2013_Spring,MHxPC130144430,Other South America,Secondary,1992,f,5
HarvardX/CB22x/2013_Spring,MHxPC130247792,Other South Asia,Bachelor's,1988,m,1
HarvardX/CB22x/2013_Spring,MHxPC130369469,India,Bachelor's,1985,m,1
HarvardX/CB22x/2013_Spring,MHxPC130592683,United States,Secondary,1987,f,1
HarvardX/CB22x/2013_Spring,MHxPC130203598,Other Europe,Secondary,1994,m,2
HarvardX/CB22x/2013_Spring,MHxPC130396935,Other East Asia,Bachelor's,1989,m,2
HarvardX/CB22x/2013_Spring,MHxPC130226688,Greece,Master's,1983,m,1
HarvardX/CB22x/2013_Spring,MHxPC130219983,United Kingdom,Master's,1976,f,6
HarvardX/CB22x/2013_Spring,MHxPC130476428,China,Master's,1989,m,0
HarvardX/CB22x/2013_Spring,MHxPC130229666,Other Europe,Bachelor's,1985,m,3
HarvardX/CB22x/2013_Spring,MHxPC130277496,India,Secondary,1992,f,1
HarvardX/CB22x/2013_Spring,MHxPC130432735,Other Europe,Bachelor's,1990,m,7
HarvardX/CB22x/2013_Spring,MHxPC130494746,Spain,Master's,1977,m,3
HarvardX/CB22x/2013_Spring,MHxPC130230446,India,Secondary,1993,m,0
HarvardX/CB22x/2013_Spring,MHxPC130471946,United States,Secondary,1992,m,1
HarvardX/CB22x/2013_Spring,MHxPC130048663,India,Secondary,1991,m,1
HarvardX/CB22x/2013_Spring,MHxPC130234904,United States,Bachelor's,1986,f,5
HarvardX/CB22x/2013_Spring,MHxPC130457364,Other Europe,Bachelor's,1982,m,3
HarvardX/CB22x/2013_Spring,MHxPC130274318,United States,Secondary,1959,m,1
HarvardX/CB22x/2013_Spring,MHxPC130437477,United States,Bachelor's,1956,m,7
HarvardX/CB22x/2013_Spring,MHxPC130484502,Other South Asia,Bachelor's,1993,m,4
HarvardX/CB22x/2013_Spring,MHxPC130498774,Other Europe,Bachelor's,1987,m,2
HarvardX/CB22x/2013_Spring,MHxPC130505263,United Kingdom,Bachelor's,1981,f,5
HarvardX/CB22x/2013_Spring,MHxPC130522464,Other Middle East/Central Asia,Bachelor's,1991,m,2
HarvardX/CB22x/2013_Spring,MHxPC130047345,Unknown/Other,Secondary,1992,m,0
HarvardX/CB22x/2013_Spring,MHxPC130346531,Other Europe,Secondary,1991,m,1
HarvardX/CB22x/2013_Spring,MHxPC130053438,Other Middle East/Central Asia,Secondary,1993,f,3
HarvardX/CB22x/2013_Spring,MHxPC130273410,Unknown/Other,Bachelor's,1983,f,0
HarvardX/CB22x/2013_Spring,MHxPC130328656,Other South Asia,Secondary,1993,f,1
HarvardX/CB22x/2013_Spring,MHxPC130160706,United States,Master's,1967,m,5
HarvardX/CB22x/2013_Spring,MHxPC130385136,United States,Master's,1950,m,3
HarvardX/CB22x/2013_Spring,MHxPC130013506,Other Europe,Doctorate,1982,m,1
HarvardX/CB22x/2013_Spring,MHxPC130047187,United States,Bachelor's,1971,f,4
HarvardX/CB22x/2013_Spring,MHxPC130076901,Unknown/Other,Bachelor's,1991,f,0
HarvardX/CB22x/2013_Spring,MHxPC130555360,United States,Secondary,1988,f,1
HarvardX/CB22x/2013_Spring,MHxPC130065805,Unknown/Other,Secondary,1991,m,0
HarvardX/CB22x/2013_Spring,MHxPC130339745,United States,Secondary,1965,m,4
HarvardX/CB22x/2013_Spring,MHxPC130253236,United States,Bachelor's,1986,f,0
HarvardX/CB22x/2013_Spring,MHxPC130342887,Brazil,Secondary,1992,m,0
HarvardX/CB22x/2013_Spring,MHxPC130214639,Other South Asia,Secondary,1992,m,1
HarvardX/CB22x/2013_Spring,MHxPC130425550,United States,Secondary,1989,f,3
HarvardX/CB22x/2013_Spring,MHxPC130384074,Unknown/Other,Bachelor's,1990,m,0
HarvardX/CB22x/2013_Spring,MHxPC130142213,India,Secondary,1993,f,0
HarvardX/CB22x/2013_Spring,MHxPC130228943,Other Europe,Master's,1984,m,3
HarvardX/CB22x/2013_Spring,MHxPC130509787,United States,Secondary,1994,f,1
HarvardX/CB22x/2013_Spring,MHxPC130482628,Other East Asia,Bachelor's,1988,f,2
HarvardX/CB22x/2013_Spring,MHxPC130498121,India,Master's,1984,m,2
HarvardX/CB22x/2013_Spring,MHxPC130538345,Other Europe,Master's,1981,m,0
HarvardX/CB22x/2013_Spring,MHxPC130295189,United Kingdom,Bachelor's,1990,m,2
HarvardX/CB22x/2013_Spring,MHxPC130181005,United States,Bachelor's,1993,m,1
HarvardX/CB22x/2013_Spring,MHxPC130018915,Unknown/Other,Secondary,1992,f,0
HarvardX/CB22x/2013_Spring,MHxPC130578399,Ukraine,Bachelor's,1991,m,7
HarvardX/CB22x/2013_Spring,MHxPC130588082,Other Middle East/Central Asia,Bachelor's,1987,f,2
HarvardX/CB22x/2013_Spring,MHxPC130296034,Brazil,Bachelor's,1988,m,4
HarvardX/CB22x/2013_Spring,MHxPC130072085,India,Secondary,1992,m,0
HarvardX/CB22x/2013_Spring,MHxPC130052097,Germany,Master's,1982,m,0
HarvardX/CB22x/2013_Spring,MHxPC130371372,United Kingdom,Master's,1978,m,1
HarvardX/CB22x/2013_Spring,MHxPC130351859,Morocco,Bachelor's,1992,m,2
HarvardX/CB22x/2013_Spring,MHxPC130459242,United States,Secondary,1991,f,1
HarvardX/CB22x/2013_Spring,MHxPC130515360,India,Bachelor's,1989,m,1
HarvardX/CB22x/2013_Spring,MHxPC130517817,United States,Master's,1952,f,5
HarvardX/CB22x/2013_Spring,MHxPC130595777,Unknown/Other,Secondary,1990,m,0
HarvardX/CB22x/2013_Spring,MHxPC130577991,India,Master's,1989,m,1
HarvardX/CB22x/2013_Spring,MHxPC130185962,United States,Bachelor's,1989,f,4
HarvardX/CB22x/2013_Spring,MHxPC130568713,Germany,Master's,1985,m,1
HarvardX/CB22x/2013_Spring,MHxPC130454630,India,Bachelor's,1985,m,0
HarvardX/CB22x/2013_Spring,MHxPC130125436,Other Africa,Bachelor's,1989,m,1
HarvardX/CB22x/2013_Spring,MHxPC130470761,United States,Bachelor's,1957,f,1
HarvardX/CB22x/2013_Spring,MHxPC130563141,United States,Secondary,1992,m,0
HarvardX/CB22x/2013_Spring,MHxPC130019011,Other Middle East/Central Asia,Bachelor's,1987,f,1
HarvardX/CB22x/2013_Spring,MHxPC130041471,Russian Federation,Bachelor's,1990,m,2
HarvardX/CB22x/2013_Spring,MHxPC130133439,United States,Secondary,1989,f,2
HarvardX/CB22x/2013_Spring,MHxPC130436537,Russian Federation,Bachelor's,1992,f,2
HarvardX/CB22x/2013_Spring,MHxPC130355213,Brazil,Secondary,1990,m,1
HarvardX/CB22x/2013_Spring,MHxPC130102421,United States,Secondary,1987,m,0
HarvardX/CB22x/2013_Spring,MHxPC130407612,United States,Bachelor's,1983,f,1
HarvardX/CB22x/2013_Spring,MHxPC130129706,United States,Master's,1986,f,1
HarvardX/CB22x/2013_Spring,MHxPC130371596,United States,Doctorate,1958,m,7
HarvardX/CB22x/2013_Spring,MHxPC130229582,Brazil,Secondary,1992,m,1
HarvardX/CB22x/2013_Spring,MHxPC130442449,Russian Federation,Secondary,1988,f,0
HarvardX/CB22x/2013_Spring,MHxPC130059906,Russian Federation,Bachelor's,1985,f,2
HarvardX/CB22x/2013_Spring,MHxPC130451711,Russian Federation,Secondary,1994,m,2
HarvardX/CB22x/2013_Spring,MHxPC130320577,Egypt,Secondary,1992,m,1
HarvardX/CB22x/2013_Spring,MHxPC130557031,Ukraine,Secondary,1993,f,6
HarvardX/CB22x/2013_Spring,MHxPC130492539,Other Europe,Doctorate,1979,m,2
HarvardX/CB22x/2013_Spring,MHxPC130321341,Russian Federation,Master's,1990,m,1
HarvardX/CB22x/2013_Spring,MHxPC130078042,India,Secondary,1991,f,1
HarvardX/CB22x/2013_Spring,MHxPC130503549,Russian Federation,Bachelor's,1991,m,0
HarvardX/CB22x/2013_Spring,MHxPC130170343,Russian Federation,Secondary,1991,m,5
HarvardX/CB22x/2013_Spring,MHxPC130477114,Russian Federation,Master's,1989,f,2
HarvardX/CB22x/2013_Spring,MHxPC130563743,Russian Federation,Master's,1983,f,3
HarvardX/CB22x/2013_Spring,MHxPC130257691,Pakistan,Bachelor's,1990,m,0
HarvardX/CB22x/2013_Spring,MHxPC130394506,Russian Federation,Master's,1988,f,2
HarvardX/CB22x/2013_Spring,MHxPC130199828,India,Master's,1988,f,1
HarvardX/CB22x/2013_Spring,MHxPC130351930,Russian Federation,Master's,1986,f,12
HarvardX/CB22x/2013_Spring,MHxPC130133353,India,Bachelor's,1990,m,2
HarvardX/CB22x/2013_Spring,MHxPC130096879,France,Master's,1986,m,1
HarvardX/CB22x/2013_Spring,MHxPC130581204,United States,Secondary,1989,m,1
HarvardX/CB22x/2013_Spring,MHxPC130215793,United States,Less than Secondary,1999,m,1
HarvardX/CB22x/2013_Spring,MHxPC130312898,Unknown/Other,Secondary,1994,m,0
HarvardX/CB22x/2013_Spring,MHxPC130039490,United States,Secondary,1991,f,1
HarvardX/CB22x/2013_Spring,MHxPC130278711,United Kingdom,Master's,1982,m,45
HarvardX/CB22x/2013_Spring,MHxPC130555920,Other Middle East/Central Asia,Secondary,1987,m,4
HarvardX/CB22x/2013_Spring,MHxPC130033292,United States,Master's,1963,f,1
HarvardX/CB22x/2013_Spring,MHxPC130202169,United States,Master's,1988,m,25
HarvardX/CB22x/2013_Spring,MHxPC130426226,United States,Bachelor's,1989,f,0
HarvardX/CB22x/2013_Spring,MHxPC130114729,United Kingdom,Bachelor's,1986,m,6
HarvardX/CB22x/2013_Spring,MHxPC130151718,United States,Bachelor's,1989,m,1
HarvardX/CB22x/2013_Spring,MHxPC130323695,United States,Bachelor's,1989,f,2
HarvardX/CB22x/2013_Spring,MHxPC130273884,United States,Bachelor's,1989,f,2
HarvardX/CB22x/2013_Spring,MHxPC130533997,United States,Bachelor's,1960,m,56
HarvardX/CB22x/2013_Spring,MHxPC130163128,United States,Master's,1967,m,1
HarvardX/CB22x/2013_Spring,MHxPC130273692,Russian Federation,Bachelor's,1990,m,1
HarvardX/CB22x/2013_Spring,MHxPC130473015,United States,Bachelor's,1985,m,1
HarvardX/CB22x/2013_Spring,MHxPC130201065,Pakistan,Master's,1976,m,21
HarvardX/CB22x/2013_Spring,MHxPC130402806,Russian Federation,Secondary,1994,m,1
HarvardX/CB22x/2013_Spring,MHxPC130263894,Australia,Secondary,1991,m,28
HarvardX/CB22x/2013_Spring,MHxPC130508438,Russian Federation,Master's,1982,f,9
HarvardX/CB22x/2013_Spring,MHxPC130132356,Other South Asia,Secondary,1994,m,0
HarvardX/CB22x/2013_Spring,MHxPC130199981,Russian Federation,Master's,1984,m,9
HarvardX/CB22x/2013_Spring,MHxPC130052762,India,Bachelor's,1985,m,1
HarvardX/CB22x/2013_Spring,MHxPC130120965,Russian Federation,Master's,1988,f,1
HarvardX/CB22x/2013_Spring,MHxPC130205110,United Kingdom,Master's,1975,f,2
HarvardX/CB22x/2013_Spring,MHxPC130065316,United States,Secondary,1996,m,2
HarvardX/CB22x/2013_Spring,MHxPC130372573,Russian Federation,Master's,1986,m,1
HarvardX/CB22x/2013_Spring,MHxPC130152431,Other South Asia,Secondary,1993,m,1
HarvardX/CB22x/2013_Spring,MHxPC130559233,United States,Less than Secondary,1994,m,20
HarvardX/CB22x/2013_Spring,MHxPC130593811,India,Secondary,1994,f,8
HarvardX/CB22x/2013_Spring,MHxPC130308020,Other East Asia,Master's,1985,m,1
HarvardX/CB22x/2013_Spring,MHxPC130420101,United States,Secondary,1993,f,3
HarvardX/CB22x/2013_Spring,MHxPC130116715,Brazil,Bachelor's,1985,m,1
HarvardX/CB22x/2013_Spring,MHxPC130045773,Germany,Bachelor's,1989,m,0
HarvardX/CB22x/2013_Spring,MHxPC130399184,United States,Master's,1988,m,22
HarvardX/CB22x/2013_Spring,MHxPC130463270,Ukraine,Master's,1989,m,2
HarvardX/CB22x/2013_Spring,MHxPC130126590,United States,Doctorate,1970,m,1
HarvardX/CB22x/2013_Spring,MHxPC130286939,United States,Master's,1977,m,1
HarvardX/CB22x/2013_Spring,MHxPC130169129,United States,Master's,1972,m,9
HarvardX/CB22x/2013_Spring,MHxPC130505982,United States,Bachelor's,1987,m,7
HarvardX/CB22x/2013_Spring,MHxPC130395578,United States,Master's,1955,m,9
HarvardX/CB22x/2013_Spring,MHxPC130351929,Other South America,Bachelor's,1986,m,1
HarvardX/CB22x/2013_Spring,MHxPC130551004,United States,Bachelor's,1984,m,1
HarvardX/CB22x/2013_Spring,MHxPC130439725,United States,Secondary,1990,f,3
HarvardX/CB22x/2013_Spring,MHxPC130346175,Other Europe,Secondary,1988,m,1
HarvardX/CB22x/2013_Spring,MHxPC130464578,Russian Federation,Master's,1984,m,4
HarvardX/CB22x/2013_Spring,MHxPC130352348,United States,Secondary,1996,f,2
HarvardX/CB22x/2013_Spring,MHxPC130243819,Other Europe,Secondary,1986,m,1
HarvardX/CB22x/2013_Spring,MHxPC130184738,United States,Secondary,1984,m,3
HarvardX/CB22x/2013_Spring,MHxPC130011905,United States,Bachelor's,1989,m,3
HarvardX/CB22x/2013_Spring,MHxPC130452978,United States,Secondary,1993,m,10
HarvardX/CB22x/2013_Spring,MHxPC130135551,United States,Secondary,1993,m,4
HarvardX/CB22x/2013_Spring,MHxPC130215586,Unknown/Other,Bachelor's,1990,m,0
HarvardX/CB22x/2013_Spring,MHxPC130305051,United States,Secondary,1986,m,2
HarvardX/CB22x/2013_Spring,MHxPC130117282,India,Secondary,1993,m,2
HarvardX/CB22x/2013_Spring,MHxPC130407754,Greece,Bachelor's,1983,m,1
HarvardX/CB22x/2013_Spring,MHxPC130360398,Ukraine,Master's,1989,m,0
HarvardX/CB22x/2013_Spring,MHxPC130442796,Other Europe,Secondary,1991,f,3
HarvardX/CB22x/2013_Spring,MHxPC130190214,Other South Asia,Bachelor's,1985,m,3
HarvardX/CB22x/2013_Spring,MHxPC130286743,India,Secondary,1994,m,1
HarvardX/CB22x/2013_Spring,MHxPC130281678,Indonesia,Secondary,1994,m,3
HarvardX/CB22x/2013_Spring,MHxPC130300786,Philippines,Secondary,1995,m,6
HarvardX/CB22x/2013_Spring,MHxPC130001300,Other Europe,Bachelor's,1964,m,16
HarvardX/CB22x/2013_Spring,MHxPC130065371,India,Bachelor's,1991,f,0
HarvardX/CB22x/2013_Spring,MHxPC130552847,Unknown/Other,Master's,1981,m,0
HarvardX/CB22x/2013_Spring,MHxPC130068179,Other South Asia,Secondary,1995,f,4
HarvardX/CB22x/2013_Spring,MHxPC130521601,Unknown/Other,Secondary,1992,f,0
HarvardX/CB22x/2013_Spring,MHxPC130012853,United States,Secondary,1992,m,2
HarvardX/CB22x/2013_Spring,MHxPC130517450,United States,Master's,1981,f,1
HarvardX/CB22x/2013_Spring,MHxPC130038664,Russian Federation,Master's,1986,f,4
HarvardX/CB22x/2013_Spring,MHxPC130205553,Other Africa,Bachelor's,1989,f,1
HarvardX/CB22x/2013_Spring,MHxPC130462469,United Kingdom,Secondary,1991,m,1
HarvardX/CB22x/2013_Spring,MHxPC130268246,Canada,Bachelor's,1981,m,1
HarvardX/CB22x/2013_Spring,MHxPC130401286,United States,Bachelor's,1985,f,1
HarvardX/CB22x/2013_Spring,MHxPC130184261,United States,Less than Secondary,1995,f,1
HarvardX/CB22x/2013_Spring,MHxPC130188632,United States,Master's,1972,f,1
HarvardX/CB22x/2013_Spring,MHxPC130523632,United States,Master's,1972,m,2
HarvardX/CB22x/2013_Spring,MHxPC130356549,United States,Master's,1983,f,6
HarvardX/CB22x/2013_Spring,MHxPC130071384,United States,Secondary,1987,m,0
HarvardX/CB22x/2013_Spring,MHxPC130226446,India,Secondary,1991,m,11
HarvardX/CB22x/2013_Spring,MHxPC130472152,Spain,Master's,1977,f,3
HarvardX/CB22x/2013_Spring,MHxPC130454702,United States,Master's,1980,m,3
HarvardX/CB22x/2013_Spring,MHxPC130574272,Russian Federation,Secondary,1994,f,1
HarvardX/CB22x/2013_Spring,MHxPC130196289,Other Europe,Bachelor's,1981,f,12
HarvardX/CB22x/2013_Spring,MHxPC130215086,Other South America,Bachelor's,1987,m,1
HarvardX/CB22x/2013_Spring,MHxPC130070607,India,Bachelor's,1987,m,3
HarvardX/CB22x/2013_Spring,MHxPC130246808,United States,Bachelor's,1992,f,3
HarvardX/CB22x/2013_Spring,MHxPC130399814,Egypt,Secondary,1992,m,0
HarvardX/CB22x/2013_Spring,MHxPC130530369,Other Europe,Secondary,1992,m,1
HarvardX/CB22x/2013_Spring,MHxPC130541436,Unknown/Other,Bachelor's,1988,m,0
HarvardX/CB22x/2013_Spring,MHxPC130078100,United States,Bachelor's,1983,f,4
HarvardX/CB22x/2013_Spring,MHxPC130105584,United States,Master's,1976,m,1
HarvardX/CB22x/2013_Spring,MHxPC130508359,India,Secondary,1992,m,2
HarvardX/CB22x/2013_Spring,MHxPC130257013,United States,Doctorate,1962,m,2
HarvardX/CB22x/2013_Spring,MHxPC130115056,United States,Master's,1983,m,2
HarvardX/CB22x/2013_Spring,MHxPC130511254,Indonesia,Secondary,1993,f,1
HarvardX/CB22x/2013_Spring,MHxPC130369396,United States,Secondary,1973,m,5
HarvardX/CB22x/2013_Spring,MHxPC130094313,United States,Secondary,1992,m,0
HarvardX/CB22x/2013_Spring,MHxPC130061450,Germany,Secondary,1990,m,2
HarvardX/CB22x/2013_Spring,MHxPC130013473,Other East Asia,Bachelor's,1987,m,4
HarvardX/CB22x/2013_Spring,MHxPC130506266,United States,Doctorate,1980,m,8
HarvardX/CB22x/2013_Spring,MHxPC130112250,India,Bachelor's,1989,f,1
HarvardX/CB22x/2013_Spring,MHxPC130050268,India,Master's,1983,f,2
HarvardX/CB22x/2013_Spring,MHxPC130345694,Unknown/Other,Master's,1990,m,0
HarvardX/CB22x/2013_Spring,MHxPC130338620,Other East Asia,Secondary,1992,f,17
HarvardX/CB22x/2013_Spring,MHxPC130193321,Germany,Master's,1980,f,40
HarvardX/CB22x/2013_Spring,MHxPC130560947,Other Europe,Master's,1980,f,3
HarvardX/CB22x/2013_Spring,MHxPC130342358,Other South America,Bachelor's,1986,m,3
HarvardX/CB22x/2013_Spring,MHxPC130422185,United States,Doctorate,1979,f,1
HarvardX/CB22x/2013_Spring,MHxPC130587749,United States,Bachelor's,1984,f,4
HarvardX/CB22x/2013_Spring,MHxPC130178721,China,Bachelor's,1989,m,2
HarvardX/CB22x/2013_Spring,MHxPC130240585,Unknown/Other,Master's,1990,f,0
HarvardX/CB22x/2013_Spring,MHxPC130422403,United States,Secondary,1961,m,1
HarvardX/CB22x/2013_Spring,MHxPC130142076,United States,Secondary,1992,m,10
HarvardX/CB22x/2013_Spring,MHxPC130021344,United States,Secondary,1989,f,0
HarvardX/CB22x/2013_Spring,MHxPC130425145,Other Europe,Secondary,1990,m,1
HarvardX/CB22x/2013_Spring,MHxPC130448221,United States,Secondary,1989,m,2
HarvardX/CB22x/2013_Spring,MHxPC130476077,Brazil,Bachelor's,1990,m,1
HarvardX/CB22x/2013_Spring,MHxPC130465201,Other Europe,Master's,1986,f,2
HarvardX/CB22x/2013_Spring,MHxPC130022143,United States,Master's,1974,m,0
HarvardX/CB22x/2013_Spring,MHxPC130406160,India,Bachelor's,1988,m,14
HarvardX/CB22x/2013_Spring,MHxPC130335095,Other South Asia,Secondary,1989,m,3
HarvardX/CB22x/2013_Spring,MHxPC130311443,India,Bachelor's,1984,m,4
HarvardX/CB22x/2013_Spring,MHxPC130193747,Other Europe,Master's,1971,f,5
HarvardX/CB22x/2013_Spring,MHxPC130096329,United States,Bachelor's,1984,m,5
HarvardX/CB22x/2013_Spring,MHxPC130025094,Other Europe,Master's,1982,m,3
HarvardX/CB22x/2013_Spring,MHxPC130047520,United States,Doctorate,1974,f,2
HarvardX/CB22x/2013_Spring,MHxPC130195176,Spain,Master's,1975,m,6
HarvardX/CB22x/2013_Spring,MHxPC130116524,Other Europe,Master's,1979,f,11
HarvardX/CB22x/2013_Spring,MHxPC130301079,United States,Bachelor's,1988,m,3
HarvardX/CB22x/2013_Spring,MHxPC130237462,United States,Bachelor's,1983,f,1
HarvardX/CB22x/2013_Spring,MHxPC130211041,Other Europe,Master's,1986,f,13
HarvardX/CB22x/2013_Spring,MHxPC130412968,India,Bachelor's,1986,m,1
HarvardX/CB22x/2013_Spring,MHxPC130069055,Other Europe,Bachelor's,1985,f,1
HarvardX/CB22x/2013_Spring,MHxPC130355050,United States,Secondary,1992,m,2
HarvardX/CB22x/2013_Spring,MHxPC130430451,Other Middle East/Central Asia,Bachelor's,1987,f,3
HarvardX/CB22x/2013_Spring,MHxPC130157155,"Other North & Central Amer., Caribbean",Secondary,1985,m,1
HarvardX/CB22x/2013_Spring,MHxPC130338604,United States,Bachelor's,1952,f,0
HarvardX/CB22x/2013_Spring,MHxPC130411392,Unknown/Other,Secondary,1992,m,0
HarvardX/CB22x/2013_Spring,MHxPC130438711,United States,Bachelor's,1988,m,2
HarvardX/CB22x/2013_Spring,MHxPC130120045,Other Europe,Secondary,1990,m,36
HarvardX/CB22x/2013_Spring,MHxPC130071564,"Other North & Central Amer., Caribbean",Secondary,1992,m,2
HarvardX/CB22x/2013_Spring,MHxPC130379722,Germany,Master's,1983,m,3
HarvardX/CB22x/2013_Spring,MHxPC130561013,United States,Bachelor's,1979,m,0
HarvardX/CB22x/2013_Spring,MHxPC130363837,United States,Master's,1982,f,2
HarvardX/CB22x/2013_Spring,MHxPC130446206,Russian Federation,Secondary,1994,m,1
HarvardX/CB22x/2013_Spring,MHxPC130362552,United States,Bachelor's,1988,m,1
HarvardX/CB22x/2013_Spring,MHxPC130178560,United States,Secondary,1995,m,2
HarvardX/CB22x/2013_Spring,MHxPC130141291,United States,Bachelor's,1985,m,7
HarvardX/CB22x/2013_Spring,MHxPC130389352,United States,Master's,1983,m,5
HarvardX/CB22x/2013_Spring,MHxPC130097459,Other South America,Secondary,1993,m,1
HarvardX/CB22x/2013_Spring,MHxPC130407629,United States,Bachelor's,1982,f,2
HarvardX/CB22x/2013_Spring,MHxPC130108977,Philippines,Secondary,1992,f,2
HarvardX/CB22x/2013_Spring,MHxPC130458251,India,Bachelor's,1990,m,1
HarvardX/CB22x/2013_Spring,MHxPC130323296,United States,Bachelor's,1979,m,47
HarvardX/CB22x/2013_Spring,MHxPC130591426,Unknown/Other,Secondary,1993,f,0
HarvardX/CB22x/2013_Spring,MHxPC130362378,Other Middle East/Central Asia,Bachelor's,1986,f,1
HarvardX/CB22x/2013_Spring,MHxPC130027217,"Other North & Central Amer., Caribbean",Secondary,1994,m,3
HarvardX/CB22x/2013_Spring,MHxPC130240783,India,Bachelor's,1990,m,1
HarvardX/CB22x/2013_Spring,MHxPC130122054,Germany,Master's,1983,m,2
HarvardX/CB22x/2013_Spring,MHxPC130363544,India,Secondary,1994,m,2
HarvardX/CB22x/2013_Spring,MHxPC130035361,Brazil,Bachelor's,1982,f,0
HarvardX/CB22x/2013_Spring,MHxPC130391456,Brazil,Bachelor's,1974,m,2
HarvardX/CB22x/2013_Spring,MHxPC130246050,United States,Bachelor's,1968,m,0
HarvardX/CB22x/2013_Spring,MHxPC130584644,India,Secondary,1991,f,0
HarvardX/CB22x/2013_Spring,MHxPC130491686,Russian Federation,Secondary,1992,f,5
HarvardX/CB22x/2013_Spring,MHxPC130003500,Other Middle East/Central Asia,Bachelor's,1989,m,0
HarvardX/CB22x/2013_Spring,MHxPC130151783,United States,Bachelor's,1991,m,0
HarvardX/CB22x/2013_Spring,MHxPC130118666,Brazil,Bachelor's,1986,m,1
HarvardX/CB22x/2013_Spring,MHxPC130146557,United Kingdom,Bachelor's,1983,f,2
HarvardX/CB22x/2013_Spring,MHxPC130123284,Other Europe,Master's,1965,f,1
HarvardX/CB22x/2013_Spring,MHxPC130105556,United States,Master's,1965,m,8
HarvardX/CB22x/2013_Spring,MHxPC130434142,United States,Master's,1979,m,5
HarvardX/CB22x/2013_Spring,MHxPC130276847,United States,Secondary,1995,m,1
HarvardX/CB22x/2013_Spring,MHxPC130325150,United States,Secondary,1986,f,6
HarvardX/CB22x/2013_Spring,MHxPC130117428,Other Europe,Bachelor's,1981,f,10
HarvardX/CB22x/2013_Spring,MHxPC130479164,India,Secondary,1991,m,3
HarvardX/CB22x/2013_Spring,MHxPC130167891,United States,Master's,1980,m,1
HarvardX/CB22x/2013_Spring,MHxPC130035738,United States,Bachelor's,1976,f,7
HarvardX/CB22x/2013_Spring,MHxPC130544630,Other South Asia,Secondary,1993,m,1
HarvardX/CB22x/2013_Spring,MHxPC130268839,India,Secondary,1993,m,0
HarvardX/CB22x/2013_Spring,MHxPC130256256,United States,Secondary,1988,m,2
HarvardX/CB22x/2013_Spring,MHxPC130027911,Unknown/Other,Secondary,1990,m,0
HarvardX/CB22x/2013_Spring,MHxPC130271496,Other Europe,Bachelor's,1987,f,3
HarvardX/CB22x/2013_Spring,MHxPC130403450,Ukraine,Bachelor's,1991,f,9
HarvardX/CB22x/2013_Spring,MHxPC130409862,United States,Less than Secondary,1996,m,3
HarvardX/CB22x/2013_Spring,MHxPC130184327,United States,Secondary,1973,f,7
HarvardX/CB22x/2013_Spring,MHxPC130211530,United States,Bachelor's,1973,m,2
HarvardX/CB22x/2013_Spring,MHxPC130215901,Other Europe,Master's,1974,m,8
HarvardX/CB22x/2013_Spring,MHxPC130056159,United States,Bachelor's,1987,f,59
HarvardX/CB22x/2013_Spring,MHxPC130314678,United Kingdom,Master's,1979,f,10
HarvardX/CB22x/2013_Spring,MHxPC130435793,United States,Master's,1985,m,5
HarvardX/CB22x/2013_Spring,MHxPC130282207,Unknown/Other,Bachelor's,1989,m,0
HarvardX/CB22x/2013_Spring,MHxPC130251714,United States,Master's,1983,m,3
HarvardX/CB22x/2013_Spring,MHxPC130391697,India,Secondary,1992,m,19
HarvardX/CB22x/2013_Spring,MHxPC130280767,India,Secondary,1993,m,2
HarvardX/CB22x/2013_Spring,MHxPC130029537,Australia,Secondary,1993,f,1
HarvardX/CB22x/2013_Spring,MHxPC130165828,United States,Secondary,1994,m,2
HarvardX/CB22x/2013_Spring,MHxPC130249556,India,Secondary,1993,m,2
HarvardX/CB22x/2013_Spring,MHxPC130332489,Other Europe,Secondary,1992,f,2
HarvardX/CB22x/2013_Spring,MHxPC130109962,United States,Bachelor's,1979,m,1
HarvardX/CB22x/2013_Spring,MHxPC130553574,United States,Bachelor's,1961,m,1
HarvardX/CB22x/2013_Spring,MHxPC130023347,United States,Less than Secondary,1995,f,16
HarvardX/CB22x/2013_Spring,MHxPC130154813,Brazil,Bachelor's,1978,m,10
HarvardX/CB22x/2013_Spring,MHxPC130506037,United States,Doctorate,1946,m,2
HarvardX/CB22x/2013_Spring,MHxPC130406569,Unknown/Other,Bachelor's,1987,m,0
HarvardX/CB22x/2013_Spring,MHxPC130490413,India,Secondary,1993,m,1
HarvardX/CB22x/2013_Spring,MHxPC130359585,United States,Secondary,1985,m,2
HarvardX/CB22x/2013_Spring,MHxPC130215966,Other Middle East/Central Asia,Bachelor's,1990,m,0
HarvardX/CB22x/2013_Spring,MHxPC130199692,United States,Secondary,1994,m,1
HarvardX/CB22x/2013_Spring,MHxPC130127564,United States,Bachelor's,1982,m,0
HarvardX/CB22x/2013_Spring,MHxPC130352467,United States,Master's,1972,f,1
HarvardX/CB22x/2013_Spring,MHxPC130105290,Brazil,Bachelor's,1983,m,1
HarvardX/CB22x/2013_Spring,MHxPC130108440,India,Bachelor's,1988,f,1
HarvardX/CB22x/2013_Spring,MHxPC130517532,Colombia,Master's,1980,m,1
HarvardX/CB22x/2013_Spring,MHxPC130301638,Brazil,Bachelor's,1992,f,1
HarvardX/CB22x/2013_Spring,MHxPC130057505,Russian Federation,Secondary,1991,m,15
HarvardX/CB22x/2013_Spring,MHxPC130433001,Other Europe,Master's,1987,f,4
HarvardX/CB22x/2013_Spring,MHxPC130270721,India,Bachelor's,1990,m,2
HarvardX/CB22x/2013_Spring,MHxPC130335630,Other Europe,Secondary,1988,f,25
HarvardX/CB22x/2013_Spring,MHxPC130305902,United States,Doctorate,1939,m,8
HarvardX/CB22x/2013_Spring,MHxPC130017429,United Kingdom,Secondary,1979,m,2
HarvardX/CB22x/2013_Spring,MHxPC130518045,United States,Less than Secondary,1995,m,0
HarvardX/CB22x/2013_Spring,MHxPC130457516,United States,Secondary,1991,m,0
HarvardX/CB22x/2013_Spring,MHxPC130229927,Unknown/Other,Doctorate,1981,m,0
HarvardX/CB22x/2013_Spring,MHxPC130417605,Other Europe,Master's,1969,m,1
HarvardX/CB22x/2013_Spring,MHxPC130360303,United States,Bachelor's,1985,m,1
HarvardX/CB22x/2013_Spring,MHxPC130139612,United States,Bachelor's,1989,m,13
HarvardX/CB22x/2013_Spring,MHxPC130138762,India,Secondary,1993,m,2
HarvardX/CB22x/2013_Spring,MHxPC130391410,United States,Bachelor's,1973,m,5
HarvardX/CB22x/2013_Spring,MHxPC130053202,Brazil,Bachelor's,1987,m,0
HarvardX/CB22x/2013_Spring,MHxPC130039646,United States,Master's,1987,m,27
HarvardX/CB22x/2013_Spring,MHxPC130346453,United States,Master's,1973,f,1
HarvardX/CB22x/2013_Spring,MHxPC130408909,Other Europe,Secondary,1989,m,6
HarvardX/CB22x/2013_Spring,MHxPC130143062,United States,Doctorate,1968,m,2
HarvardX/CB22x/2013_Spring,MHxPC130527672,Unknown/Other,Bachelor's,1977,m,0
HarvardX/CB22x/2013_Spring,MHxPC130316028,Brazil,Bachelor's,1990,m,4
HarvardX/CB22x/2013_Spring,MHxPC130545494,Other Middle East/Central Asia,Bachelor's,1989,m,2
HarvardX/CB22x/2013_Spring,MHxPC130104539,Other South America,Secondary,1994,f,4
HarvardX/CB22x/2013_Spring,MHxPC130250651,United States,Secondary,1983,f,0
HarvardX/CB22x/2013_Spring,MHxPC130454554,United States,Secondary,1988,m,3
HarvardX/CB22x/2013_Spring,MHxPC130412350,Other East Asia,Secondary,1990,m,5
HarvardX/CB22x/2013_Spring,MHxPC130153972,Unknown/Other,Secondary,1989,f,0
HarvardX/CB22x/2013_Spring,MHxPC130070601,United States,Secondary,1963,m,1
HarvardX/CB22x/2013_Spring,MHxPC130372571,India,Bachelor's,1990,m,1
HarvardX/CB22x/2013_Spring,MHxPC130533171,United Kingdom,Bachelor's,1979,m,2
HarvardX/CB22x/2013_Spring,MHxPC130018717,India,Bachelor's,1978,m,2
HarvardX/CB22x/2013_Spring,MHxPC130473876,India,Master's,1988,m,1
HarvardX/CB22x/2013_Spring,MHxPC130245129,Ukraine,Bachelor's,1991,f,1
HarvardX/CB22x/2013_Spring,MHxPC130070360,Unknown/Other,Secondary,1993,m,0
HarvardX/CB22x/2013_Spring,MHxPC130029643,Other East Asia,Bachelor's,1982,f,0
HarvardX/CB22x/2013_Spring,MHxPC130496726,United States,Master's,1988,m,6
HarvardX/CB22x/2013_Spring,MHxPC130244519,India,Secondary,1993,m,2
HarvardX/CB22x/2013_Spring,MHxPC130421809,Unknown/Other,Bachelor's,1978,f,0
HarvardX/CB22x/2013_Spring,MHxPC130420965,Russian Federation,Bachelor's,1992,f,2
HarvardX/CB22x/2013_Spring,MHxPC130043944,United States,Bachelor's,1991,m,1
HarvardX/CB22x/2013_Spring,MHxPC130495261,Ukraine,Secondary,1993,f,1
HarvardX/CB22x/2013_Spring,MHxPC130380601,United States,Secondary,1990,f,0
HarvardX/CB22x/2013_Spring,MHxPC130347732,Brazil,Bachelor's,1984,m,0
HarvardX/CB22x/2013_Spring,MHxPC130222355,United States,Bachelor's,1990,m,3
HarvardX/CB22x/2013_Spring,MHxPC130036772,United States,Master's,1985,f,3
HarvardX/CB22x/2013_Spring,MHxPC130278677,Canada,Bachelor's,1989,m,2
HarvardX/CB22x/2013_Spring,MHxPC130198348,United States,Master's,1943,f,4
HarvardX/CB22x/2013_Spring,MHxPC130136524,United States,Master's,,,7
HarvardX/CB22x/2013_Spring,MHxPC130220791,Mexico,Secondary,1991,m,4
HarvardX/CB22x/2013_Spring,MHxPC130262240,United States,Master's,1986,m,6
HarvardX/CB22x/2013_Spring,MHxPC130243447,India,Bachelor's,1990,m,1
HarvardX/CB22x/2013_Spring,MHxPC130555340,Unknown/Other,Bachelor's,1980,f,0
HarvardX/CB22x/2013_Spring,MHxPC130077073,Greece,Master's,1977,m,8
HarvardX/CB22x/2013_Spring,MHxPC130501127,India,Master's,1972,f,3
HarvardX/CB22x/2013_Spring,MHxPC130183698,United Kingdom,Secondary,1995,m,0
HarvardX/CB22x/2013_Spring,MHxPC130194822,Unknown/Other,Secondary,1994,f,0
HarvardX/CB22x/2013_Spring,MHxPC130125939,Unknown/Other,Master's,1988,m,0
HarvardX/CB22x/2013_Spring,MHxPC130083113,Other Europe,Master's,1966,m,4
HarvardX/CB22x/2013_Spring,MHxPC130220840,United States,Bachelor's,1979,m,3
HarvardX/CB22x/2013_Spring,MHxPC130011816,Canada,Bachelor's,1987,m,3
HarvardX/CB22x/2013_Spring,MHxPC130194578,United States,Doctorate,1978,m,1
HarvardX/CB22x/2013_Spring,MHxPC130051689,United States,Bachelor's,1972,f,2
HarvardX/CB22x/2013_Spring,MHxPC130318182,India,Secondary,1993,m,1
HarvardX/CB22x/2013_Spring,MHxPC130510399,Unknown/Other,Secondary,1991,m,0
HarvardX/CB22x/2013_Spring,MHxPC130160095,United States,Secondary,1976,m,2
HarvardX/CB22x/2013_Spring,MHxPC130331389,United States,Master's,1983,m,2
HarvardX/CB22x/2013_Spring,MHxPC130591722,United States,Master's,1972,m,7
HarvardX/CB22x/2013_Spring,MHxPC130484777,Other Middle East/Central Asia,Bachelor's,1990,m,1
HarvardX/CB22x/2013_Spring,MHxPC130543617,Brazil,Bachelor's,1985,m,4
HarvardX/CB22x/2013_Spring,MHxPC130426971,United Kingdom,Master's,1980,m,0
HarvardX/CB22x/2013_Spring,MHxPC130554854,United States,Bachelor's,1980,m,1
HarvardX/CB22x/2013_Spring,MHxPC130418077,Canada,Bachelor's,1987,f,49
HarvardX/CB22x/2013_Spring,MHxPC130550472,United States,Bachelor's,1989,m,1
HarvardX/CB22x/2013_Spring,MHxPC130184677,Brazil,Bachelor's,1984,m,5
HarvardX/CB22x/2013_Spring,MHxPC130493937,United States,Secondary,1975,m,1
HarvardX/CB22x/2013_Spring,MHxPC130502916,United States,Master's,1938,m,66
HarvardX/CB22x/2013_Spring,MHxPC130061193,United States,Bachelor's,1988,f,2
HarvardX/CB22x/2013_Spring,MHxPC130202391,Unknown/Other,Bachelor's,1985,f,0
HarvardX/CB22x/2013_Spring,MHxPC130290385,Unknown/Other,Master's,1973,m,0
HarvardX/CB22x/2013_Spring,MHxPC130228057,United States,Secondary,1991,f,15
HarvardX/CB22x/2013_Spring,MHxPC130487185,United States,Bachelor's,1981,m,1
HarvardX/CB22x/2013_Spring,MHxPC130188870,United States,Doctorate,1947,f,1
HarvardX/CB22x/2013_Spring,MHxPC130354955,Other Europe,Secondary,1992,f,2
HarvardX/CB22x/2013_Spring,MHxPC130510126,Other Africa,Bachelor's,1989,m,1
HarvardX/CB22x/2013_Spring,MHxPC130427238,Other Europe,Bachelor's,1990,f,8
HarvardX/CB22x/2013_Spring,MHxPC130066206,Russian Federation,Secondary,1991,f,1
HarvardX/CB22x/2013_Spring,MHxPC130413139,Russian Federation,Master's,1982,f,2
HarvardX/CB22x/2013_Spring,MHxPC130022119,Russian Federation,Master's,1987,f,4
HarvardX/CB22x/2013_Spring,MHxPC130322796,Other Europe,Secondary,1993,f,2
HarvardX/CB22x/2013_Spring,MHxPC130197038,Poland,Secondary,1993,m,0
HarvardX/CB22x/2013_Spring,MHxPC130287884,Ukraine,Master's,1987,f,32
HarvardX/CB22x/2013_Spring,MHxPC130065696,Russian Federation,Bachelor's,1992,f,7
HarvardX/CB22x/2013_Spring,MHxPC130320931,Greece,Bachelor's,1988,m,3
HarvardX/CB22x/2013_Spring,MHxPC130273032,India,Secondary,1993,m,1
HarvardX/CB22x/2013_Spring,MHxPC130595860,Other Middle East/Central Asia,Bachelor's,1984,f,1
HarvardX/CB22x/2013_Spring,MHxPC130248490,India,Secondary,1992,m,2
HarvardX/CB22x/2013_Spring,MHxPC130382871,United Kingdom,Bachelor's,1992,m,6
HarvardX/CB22x/2013_Spring,MHxPC130028286,India,Secondary,1990,m,3
HarvardX/CB22x/2013_Spring,MHxPC130217244,United States,Master's,1976,m,2
HarvardX/CB22x/2013_Spring,MHxPC130034712,United States,Bachelor's,1965,f,2
HarvardX/CB22x/2013_Spring,MHxPC130295274,United States,Master's,1945,f,51
HarvardX/CB22x/2013_Spring,MHxPC130561012,United States,Bachelor's,1960,m,2
HarvardX/CB22x/2013_Spring,MHxPC130106953,Unknown/Other,Bachelor's,1988,m,0
HarvardX/CB22x/2013_Spring,MHxPC130356614,Unknown/Other,Less than Secondary,1998,f,0
HarvardX/CB22x/2013_Spring,MHxPC130351959,Other South Asia,Bachelor's,1993,m,12
HarvardX/CB22x/2013_Spring,MHxPC130429867,Other South Asia,Secondary,1990,m,4
HarvardX/CB22x/2013_Spring,MHxPC130051068,United States,Master's,1978,m,0
HarvardX/CB22x/2013_Spring,MHxPC130196908,Other Europe,Bachelor's,1985,m,0
HarvardX/CB22x/2013_Spring,MHxPC130417610,Other Europe,Secondary,1991,f,1
HarvardX/CB22x/2013_Spring,MHxPC130322606,United States,Bachelor's,1978,m,4
HarvardX/CB22x/2013_Spring,MHxPC130597446,United States,Bachelor's,1988,f,0
HarvardX/CB22x/2013_Spring,MHxPC130010689,United States,Master's,1978,f,2
HarvardX/CB22x/2013_Spring,MHxPC130429234,United Kingdom,Secondary,1994,f,1
HarvardX/CB22x/2013_Spring,MHxPC130221100,India,Bachelor's,1990,f,1
HarvardX/CB22x/2013_Spring,MHxPC130390397,India,Secondary,1993,m,2
HarvardX/CB22x/2013_Spring,MHxPC130465252,Other Middle East/Central Asia,Bachelor's,1985,f,2
HarvardX/CB22x/2013_Spring,MHxPC130256182,United States,Secondary,1991,m,1
HarvardX/CB22x/2013_Spring,MHxPC130445459,United States,Less than Secondary,1995,f,3
HarvardX/CB22x/2013_Spring,MHxPC130258165,China,Bachelor's,1988,f,1
HarvardX/CB22x/2013_Spring,MHxPC130216614,India,Master's,1987,f,3
HarvardX/CB22x/2013_Spring,MHxPC130523266,Other Europe,Secondary,1993,f,0
HarvardX/CB22x/2013_Spring,MHxPC130577902,United States,Secondary,1992,m,2
HarvardX/CB22x/2013_Spring,MHxPC130559030,United Kingdom,Bachelor's,1976,m,1
HarvardX/CB22x/2013_Spring,MHxPC130229478,Other South Asia,Secondary,1993,m,5
HarvardX/CB22x/2013_Spring,MHxPC130439641,Other Middle East/Central Asia,Bachelor's,1991,m,2
HarvardX/CB22x/2013_Spring,MHxPC130420533,United States,Master's,1969,m,1
HarvardX/CB22x/2013_Spring,MHxPC130395731,United States,Bachelor's,1949,m,2
HarvardX/CB22x/2013_Spring,MHxPC130222243,India,Secondary,1994,m,1
HarvardX/CB22x/2013_Spring,MHxPC130294618,United States,Master's,1967,f,0
HarvardX/CB22x/2013_Spring,MHxPC130113679,United States,Bachelor's,1970,m,1
HarvardX/CB22x/2013_Spring,MHxPC130502953,Brazil,Bachelor's,1967,m,5
HarvardX/CB22x/2013_Spring,MHxPC130494100,India,Bachelor's,1986,m,1
HarvardX/CB22x/2013_Spring,MHxPC130459636,Unknown/Other,Secondary,1991,f,0
HarvardX/CB22x/2013_Spring,MHxPC130485656,United States,Secondary,1970,f,1
HarvardX/CB22x/2013_Spring,MHxPC130492557,United States,Secondary,1992,f,0
HarvardX/CB22x/2013_Spring,MHxPC130264976,Other Middle East/Central Asia,Secondary,1989,m,4
HarvardX/CB22x/2013_Spring,MHxPC130369697,India,Secondary,1992,m,2
HarvardX/CB22x/2013_Spring,MHxPC130032719,India,Master's,1984,m,3
HarvardX/CB22x/2013_Spring,MHxPC130214641,India,Secondary,1993,m,1
HarvardX/CB22x/2013_Spring,MHxPC130029209,Indonesia,Bachelor's,1988,m,4
HarvardX/CB22x/2013_Spring,MHxPC130299939,India,Bachelor's,1989,m,2
HarvardX/CB22x/2013_Spring,MHxPC130013672,Russian Federation,Secondary,1992,f,26
HarvardX/CB22x/2013_Spring,MHxPC130348972,Other East Asia,Secondary,1991,m,33
HarvardX/CB22x/2013_Spring,MHxPC130474427,Russian Federation,Secondary,1991,m,3
HarvardX/CB22x/2013_Spring,MHxPC130337299,United States,Less than Secondary,1997,m,1
HarvardX/CB22x/2013_Spring,MHxPC130215957,Other Africa,Bachelor's,1984,m,4
HarvardX/CB22x/2013_Spring,MHxPC130527459,United States,Master's,1946,f,1
HarvardX/CB22x/2013_Spring,MHxPC130180187,United States,Master's,1978,f,2
HarvardX/CB22x/2013_Spring,MHxPC130029425,United States,Secondary,1988,m,1
HarvardX/CB22x/2013_Spring,MHxPC130283129,Other Europe,Master's,1976,m,1
HarvardX/CB22x/2013_Spring,MHxPC130421549,United States,Master's,1956,m,1
HarvardX/CB22x/2013_Spring,MHxPC130339734,United States,Secondary,1995,m,0
HarvardX/CB22x/2013_Spring,MHxPC130064173,United States,Secondary,1983,m,2
HarvardX/CB22x/2013_Spring,MHxPC130272932,India,Secondary,1991,m,5
HarvardX/CB22x/2013_Spring,MHxPC130438249,India,Bachelor's,1991,m,1
HarvardX/CB22x/2013_Spring,MHxPC130137414,United States,Doctorate,1982,f,1
HarvardX/CB22x/2013_Spring,MHxPC130042392,Ukraine,Secondary,1993,m,3
HarvardX/CB22x/2013_Spring,MHxPC130527800,United States,Doctorate,1966,m,1
HarvardX/CB22x/2013_Spring,MHxPC130170324,United States,Bachelor's,1954,f,2
HarvardX/CB22x/2013_Spring,MHxPC130369476,Other Europe,Bachelor's,1992,m,1
HarvardX/CB22x/2013_Spring,MHxPC130182225,India,Bachelor's,1991,f,2
HarvardX/CB22x/2013_Spring,MHxPC130013754,Other Europe,Bachelor's,1990,f,6
HarvardX/CB22x/2013_Spring,MHxPC130402073,Ukraine,Bachelor's,1991,f,1
HarvardX/CB22x/2013_Spring,MHxPC130262508,Philippines,Bachelor's,1990,f,1
HarvardX/CB22x/2013_Spring,MHxPC130584354,United States,Bachelor's,1990,f,2
HarvardX/CB22x/2013_Spring,MHxPC130276953,United States,Secondary,1993,f,5
HarvardX/CB22x/2013_Spring,MHxPC130596266,United States,Secondary,1977,f,1
HarvardX/CB22x/2013_Spring,MHxPC130263072,United States,Secondary,1989,f,2
HarvardX/CB22x/2013_Spring,MHxPC130063148,United States,Secondary,1981,f,1
HarvardX/CB22x/2013_Spring,MHxPC130082529,United States,Secondary,1989,f,0
HarvardX/CB22x/2013_Spring,MHxPC130255182,United States,Bachelor's,1978,m,4
HarvardX/CB22x/2013_Spring,MHxPC130239201,United States,Secondary,1988,m,7
HarvardX/CB22x/2013_Spring,MHxPC130043226,Ukraine,Secondary,1992,f,2
HarvardX/CB22x/2013_Spring,MHxPC130373890,United States,Bachelor's,1986,m,3
HarvardX/CB22x/2013_Spring,MHxPC130033350,United States,Master's,1987,f,2
HarvardX/CB22x/2013_Spring,MHxPC130484538,United States,Bachelor's,1981,f,3
HarvardX/CB22x/2013_Spring,MHxPC130499649,Mexico,Master's,1977,m,3
HarvardX/CB22x/2013_Spring,MHxPC130263075,United States,Bachelor's,1979,f,1
HarvardX/CB22x/2013_Spring,MHxPC130520622,United States,Bachelor's,1985,f,1
HarvardX/CB22x/2013_Spring,MHxPC130304356,United States,Secondary,1987,m,0
HarvardX/CB22x/2013_Spring,MHxPC130338387,United States,Master's,1965,f,8
HarvardX/CB22x/2013_Spring,MHxPC130273079,United States,Master's,1953,m,27
HarvardX/CB22x/2013_Spring,MHxPC130274984,Other Europe,Bachelor's,1986,f,2
HarvardX/CB22x/2013_Spring,MHxPC130186805,United States,Bachelor's,1992,m,1
HarvardX/CB22x/2013_Spring,MHxPC130214560,United States,Doctorate,1980,f,46
HarvardX/CB22x/2013_Spring,MHxPC130592699,United States,Less than Secondary,1997,m,3
HarvardX/CB22x/2013_Spring,MHxPC130538587,Other Europe,Master's,1985,m,3
HarvardX/CB22x/2013_Spring,MHxPC130323518,India,Bachelor's,1981,m,3
HarvardX/CB22x/2013_Spring,MHxPC130583592,United States,Secondary,1995,m,1
HarvardX/CB22x/2013_Spring,MHxPC130576758,United States,Secondary,1985,f,4
HarvardX/CB22x/2013_Spring,MHxPC130034051,United States,Bachelor's,1988,f,41
HarvardX/CB22x/2013_Spring,MHxPC130074683,United States,Secondary,1984,m,1
HarvardX/CB22x/2013_Spring,MHxPC130216327,Other Europe,Secondary,1991,m,1
HarvardX/CB22x/2013_Spring,MHxPC130459007,United States,Master's,1972,f,7
HarvardX/CB22x/2013_Spring,MHxPC130015142,Ukraine,Bachelor's,1991,m,1
HarvardX/CB22x/2013_Spring,MHxPC130094613,United States,Secondary,1993,m,1
HarvardX/CB22x/2013_Spring,MHxPC130555397,Other Africa,Bachelor's,1980,m,1
HarvardX/CB22x/2013_Spring,MHxPC130205452,United States,Bachelor's,1987,m,1
HarvardX/CB22x/2013_Spring,MHxPC130530632,United States,Secondary,1994,f,0
HarvardX/CB22x/2013_Spring,MHxPC130052465,United States,Bachelor's,1979,f,1
HarvardX/CB22x/2013_Spring,MHxPC130022908,United States,Secondary,1991,m,2
HarvardX/CB22x/2013_Spring,MHxPC130088316,Other Middle East/Central Asia,Secondary,1994,m,2
HarvardX/CB22x/2013_Spring,MHxPC130345703,United States,Bachelor's,1970,m,1
HarvardX/CB22x/2013_Spring,MHxPC130503006,United States,Bachelor's,1983,f,1
HarvardX/CB22x/2013_Spring,MHxPC130246396,United States,Secondary,1983,f,10
HarvardX/CB22x/2013_Spring,MHxPC130450460,United States,Secondary,1990,m,3
HarvardX/CB22x/2013_Spring,MHxPC130340790,United States,Less than Secondary,1998,f,11
HarvardX/CB22x/2013_Spring,MHxPC130093647,United States,Secondary,1991,f,0
HarvardX/CB22x/2013_Spring,MHxPC130222007,United States,Bachelor's,1966,f,0
HarvardX/CB22x/2013_Spring,MHxPC130139097,United States,Secondary,1970,f,0
HarvardX/CB22x/2013_Spring,MHxPC130500566,United States,Secondary,1995,m,4
HarvardX/CB22x/2013_Spring,MHxPC130386090,United States,Secondary,1983,f,0
HarvardX/CB22x/2013_Spring,MHxPC130123292,United States,Secondary,1978,f,20
HarvardX/CB22x/2013_Spring,MHxPC130251621,United States,Bachelor's,1982,f,2
HarvardX/CB22x/2013_Spring,MHxPC130034931,United States,Bachelor's,1988,f,6
HarvardX/CB22x/2013_Spring,MHxPC130352294,United States,Secondary,1992,m,2
HarvardX/CB22x/2013_Spring,MHxPC130002171,United States,Bachelor's,1969,m,1
HarvardX/CB22x/2013_Spring,MHxPC130136464,United States,Secondary,1990,m,1
HarvardX/CB22x/2013_Spring,MHxPC130595666,United States,Secondary,1978,m,4
HarvardX/CB22x/2013_Spring,MHxPC130388797,United States,Bachelor's,1985,m,1
HarvardX/CB22x/2013_Spring,MHxPC130546640,United States,Bachelor's,1987,m,1
HarvardX/CB22x/2013_Spring,MHxPC130444714,United States,Bachelor's,1982,f,9
HarvardX/CB22x/2013_Spring,MHxPC130032103,United States,Master's,1978,m,3
HarvardX/CB22x/2013_Spring,MHxPC130378842,United States,Secondary,1992,f,1
HarvardX/CB22x/2013_Spring,MHxPC130227120,Unknown/Other,Secondary,1992,m,0
HarvardX/CB22x/2013_Spring,MHxPC130559597,Philippines,Bachelor's,1989,f,3
HarvardX/CB22x/2013_Spring,MHxPC130402337,Other Europe,Bachelor's,1962,m,1
HarvardX/CB22x/2013_Spring,MHxPC130199866,United States,Bachelor's,1985,f,2
HarvardX/CB22x/2013_Spring,MHxPC130209306,Unknown/Other,Secondary,1989,m,0
HarvardX/CB22x/2013_Spring,MHxPC130104751,Spain,Master's,1972,f,2
HarvardX/CB22x/2013_Spring,MHxPC130521074,United States,Secondary,1982,m,1
HarvardX/CB22x/2013_Spring,MHxPC130408054,United States,Bachelor's,1985,m,2
HarvardX/CB22x/2013_Spring,MHxPC130058806,United States,Secondary,1993,f,10
HarvardX/CB22x/2013_Spring,MHxPC130163426,Other South Asia,Bachelor's,1988,f,2
HarvardX/CB22x/2013_Spring,MHxPC130096170,United States,Secondary,1988,m,1
HarvardX/CB22x/2013_Spring,MHxPC130179274,Other Europe,Bachelor's,1985,m,4
HarvardX/CB22x/2013_Spring,MHxPC130267647,Germany,Bachelor's,1985,f,3
HarvardX/CB22x/2013_Spring,MHxPC130289803,United States,Bachelor's,1985,f,0
HarvardX/CB22x/2013_Spring,MHxPC130209608,Other Europe,Bachelor's,1984,f,2
HarvardX/CB22x/2013_Spring,MHxPC130172567,Spain,Bachelor's,1988,m,0
HarvardX/CB22x/2013_Spring,MHxPC130206536,Other Europe,Secondary,1979,m,1
HarvardX/CB22x/2013_Spring,MHxPC130235139,Unknown/Other,Bachelor's,1990,m,0
HarvardX/CB22x/2013_Spring,MHxPC130281656,Philippines,Secondary,1996,m,4
HarvardX/CB22x/2013_Spring,MHxPC130278476,Unknown/Other,Secondary,1993,f,0
HarvardX/CB22x/2013_Spring,MHxPC130014915,Other Europe,Master's,1968,m,1
HarvardX/CB22x/2013_Spring,MHxPC130095667,Spain,Master's,1989,m,1
HarvardX/CB22x/2013_Spring,MHxPC130320059,Other Europe,Master's,1988,f,1
HarvardX/CB22x/2013_Spring,MHxPC130079156,United States,Secondary,1970,f,2
HarvardX/CB22x/2013_Spring,MHxPC130098325,United States,Bachelor's,1960,m,0
HarvardX/CB22x/2013_Spring,MHxPC130018895,United States,Bachelor's,,f,3
HarvardX/CB22x/2013_Spring,MHxPC130336447,United States,Bachelor's,1983,f,0
HarvardX/CB22x/2013_Spring,MHxPC130313457,Unknown/Other,Bachelor's,1987,f,0
HarvardX/CB22x/2013_Spring,MHxPC130091989,Canada,Bachelor's,1987,f,1
HarvardX/CB22x/2013_Spring,MHxPC130470167,Spain,Master's,1969,m,1
HarvardX/CB22x/2013_Spring,MHxPC130403140,United States,Secondary,1961,m,4
HarvardX/CB22x/2013_Spring,MHxPC130294958,Spain,Secondary,1990,m,1
HarvardX/CB22x/2013_Spring,MHxPC130418954,Mexico,Master's,1985,m,4
HarvardX/CB22x/2013_Spring,MHxPC130527283,Russian Federation,Bachelor's,1985,f,10
HarvardX/CB22x/2013_Spring,MHxPC130048085,United States,Secondary,1985,m,1
HarvardX/CB22x/2013_Spring,MHxPC130065584,Brazil,Secondary,1993,m,1
HarvardX/CB22x/2013_Spring,MHxPC130029228,United States,Secondary,1966,m,0
HarvardX/CB22x/2013_Spring,MHxPC130459980,Russian Federation,Master's,1988,m,0
HarvardX/CB22x/2013_Spring,MHxPC130571531,United States,Secondary,1982,f,1
HarvardX/CB22x/2013_Spring,MHxPC130240271,United States,Bachelor's,1984,f,1
HarvardX/CB22x/2013_Spring,MHxPC130566356,Spain,Bachelor's,1980,m,1
HarvardX/CB22x/2013_Spring,MHxPC130535299,United Kingdom,Bachelor's,1990,f,3
HarvardX/CB22x/2013_Spring,MHxPC130559824,United States,Bachelor's,1974,m,6
HarvardX/CB22x/2013_Spring,MHxPC130565667,Unknown/Other,Bachelor's,1971,m,0
HarvardX/CB22x/2013_Spring,MHxPC130569622,Other Europe,Bachelor's,1981,f,11
HarvardX/CB22x/2013_Spring,MHxPC130213512,Spain,Master's,1985,f,2
HarvardX/CB22x/2013_Spring,MHxPC130488091,Philippines,Secondary,1992,f,1
HarvardX/CB22x/2013_Spring,MHxPC130575064,Spain,Secondary,1990,m,2
HarvardX/CB22x/2013_Spring,MHxPC130087491,Other Europe,Secondary,1985,m,6
HarvardX/CB22x/2013_Spring,MHxPC130561048,Colombia,Bachelor's,1988,m,2
HarvardX/CB22x/2013_Spring,MHxPC130441203,Unknown/Other,Bachelor's,1991,f,0
HarvardX/CB22x/2013_Spring,MHxPC130294894,United States,Master's,1975,m,1
HarvardX/CB22x/2013_Spring,MHxPC130177111,United States,Bachelor's,1980,m,4
HarvardX/CB22x/2013_Spring,MHxPC130339718,United States,Secondary,1993,f,1
HarvardX/CB22x/2013_Spring,MHxPC130073014,Spain,Master's,1983,m,2
HarvardX/CB22x/2013_Spring,MHxPC130031084,Unknown/Other,Master's,1989,m,0
HarvardX/CB22x/2013_Spring,MHxPC130085297,Unknown/Other,Secondary,1997,m,0
HarvardX/CB22x/2013_Spring,MHxPC130494263,United States,Bachelor's,1980,m,2
HarvardX/CB22x/2013_Spring,MHxPC130034881,United States,Master's,1981,m,0
HarvardX/CB22x/2013_Spring,MHxPC130168298,Spain,Bachelor's,1989,f,1
HarvardX/CB22x/2013_Spring,MHxPC130358444,"Other North & Central Amer., Caribbean",Secondary,1989,m,2
HarvardX/CB22x/2013_Spring,MHxPC130179392,Spain,Bachelor's,1989,m,0
HarvardX/CB22x/2013_Spring,MHxPC130247100,United States,Secondary,1995,f,4
HarvardX/CB22x/2013_Spring,MHxPC130509765,United States,Less than Secondary,1995,f,0
HarvardX/CB22x/2013_Spring,MHxPC130108974,United States,Bachelor's,1986,f,1
HarvardX/CB22x/2013_Spring,MHxPC130445257,United States,Bachelor's,1989,f,13
HarvardX/CB22x/2013_Spring,MHxPC130382353,Other Europe,Master's,1967,m,8
HarvardX/CB22x/2013_Spring,MHxPC130266942,United States,Secondary,1995,m,2
HarvardX/CB22x/2013_Spring,MHxPC130211921,United States,Secondary,1994,m,1
HarvardX/CB22x/2013_Spring,MHxPC130253187,United States,Bachelor's,1987,m,1
HarvardX/CB22x/2013_Spring,MHxPC130245731,United States,Bachelor's,1990,f,2
HarvardX/CB22x/2013_Spring,MHxPC130124837,United States,Secondary,1992,m,1
HarvardX/CB22x/2013_Spring,MHxPC130520900,United States,Secondary,1976,f,0
HarvardX/CB22x/2013_Spring,MHxPC130362839,United States,Bachelor's,1977,m,0
HarvardX/CB22x/2013_Spring,MHxPC130269181,United States,Secondary,1981,f,0
HarvardX/CB22x/2013_Spring,MHxPC130565024,United States,Secondary,1981,f,0
HarvardX/CB22x/2013_Spring,MHxPC130138884,United Kingdom,Secondary,1989,f,21
HarvardX/CB22x/2013_Spring,MHxPC130592409,United States,Bachelor's,1985,f,0
HarvardX/CB22x/2013_Spring,MHxPC130298846,United Kingdom,Master's,1981,m,1
HarvardX/CB22x/2013_Spring,MHxPC130043401,United States,Bachelor's,1977,m,0
HarvardX/CB22x/2013_Spring,MHxPC130486916,United States,Secondary,1966,f,0
HarvardX/CB22x/2013_Spring,MHxPC130408730,United States,Secondary,1982,f,5
HarvardX/CB22x/2013_Spring,MHxPC130148692,Canada,Master's,1982,m,1
HarvardX/CB22x/2013_Spring,MHxPC130113599,United States,Bachelor's,1991,m,1
HarvardX/CB22x/2013_Spring,MHxPC130578958,United States,Master's,1975,f,1
HarvardX/CB22x/2013_Spring,MHxPC130159402,Philippines,Bachelor's,1984,f,4
HarvardX/CB22x/2013_Spring,MHxPC130219772,United States,Bachelor's,1987,f,3
HarvardX/CB22x/2013_Spring,MHxPC130146867,United States,Secondary,1990,m,0
HarvardX/CB22x/2013_Spring,MHxPC130420301,United States,Secondary,1993,m,4
HarvardX/CB22x/2013_Spring,MHxPC130069615,United States,Bachelor's,1961,m,13
HarvardX/CB22x/2013_Spring,MHxPC130143682,Spain,Secondary,1992,m,5
HarvardX/CB22x/2013_Spring,MHxPC130374039,Brazil,Secondary,1993,f,1
HarvardX/CB22x/2013_Spring,MHxPC130332593,Other Europe,Bachelor's,1982,m,1
HarvardX/CB22x/2013_Spring,MHxPC130237167,United States,Bachelor's,1991,f,0
HarvardX/CB22x/2013_Spring,MHxPC130071462,United States,Secondary,1986,m,1
HarvardX/CB22x/2013_Spring,MHxPC130172864,United States,Master's,1970,f,1
HarvardX/CB22x/2013_Spring,MHxPC130578831,United States,Less than Secondary,1999,f,4
HarvardX/CB22x/2013_Spring,MHxPC130109665,Greece,Bachelor's,1989,f,1
HarvardX/CB22x/2013_Spring,MHxPC130117236,"Other North & Central Amer., Caribbean",Bachelor's,1986,m,13
HarvardX/CB22x/2013_Spring,MHxPC130124301,Canada,Secondary,1984,m,3
HarvardX/CB22x/2013_Spring,MHxPC130365510,"Other North & Central Amer., Caribbean",Secondary,1989,m,4
HarvardX/CB22x/2013_Spring,MHxPC130297623,United States,Master's,1988,f,1
HarvardX/CB22x/2013_Spring,MHxPC130531828,Canada,Secondary,1994,f,13
HarvardX/CB22x/2013_Spring,MHxPC130503309,United States,Bachelor's,1977,m,1
HarvardX/CB22x/2013_Spring,MHxPC130583413,United States,Bachelor's,1964,f,0
HarvardX/CB22x/2013_Spring,MHxPC130437084,Spain,Master's,1985,f,15
HarvardX/CB22x/2013_Spring,MHxPC130526661,India,Bachelor's,1988,m,5
HarvardX/CB22x/2013_Spring,MHxPC130423396,United States,Doctorate,1980,m,20
HarvardX/CB22x/2013_Spring,MHxPC130010883,Philippines,Bachelor's,1985,f,1
HarvardX/CB22x/2013_Spring,MHxPC130037305,Canada,Bachelor's,1988,f,9
HarvardX/CB22x/2013_Spring,MHxPC130563395,India,Master's,1988,f,3
HarvardX/CB22x/2013_Spring,MHxPC130164313,United States,Less than Secondary,1997,m,10
HarvardX/CB22x/2013_Spring,MHxPC130215283,United States,Secondary,1995,m,33
HarvardX/CB22x/2013_Spring,MHxPC130259148,United States,Secondary,1960,m,0
HarvardX/CB22x/2013_Spring,MHxPC130008369,United States,Bachelor's,1986,m,2
HarvardX/CB22x/2013_Spring,MHxPC130203199,United States,Doctorate,1968,f,1
HarvardX/CB22x/2013_Spring,MHxPC130479370,Unknown/Other,Bachelor's,1983,m,0
HarvardX/CB22x/2013_Spring,MHxPC130533486,Unknown/Other,Master's,1984,f,0
HarvardX/CB22x/2013_Spring,MHxPC130028947,Greece,Master's,1986,m,0
HarvardX/CB22x/2013_Spring,MHxPC130384862,Germany,Secondary,1987,m,46
HarvardX/CB22x/2013_Spring,MHxPC130026163,Spain,Master's,1979,f,1
HarvardX/CB22x/2013_Spring,MHxPC130189954,Russian Federation,Bachelor's,1991,m,2
HarvardX/CB22x/2013_Spring,MHxPC130134184,India,Secondary,1993,m,0
HarvardX/CB22x/2013_Spring,MHxPC130168406,India,Less than Secondary,1996,m,1
HarvardX/CB22x/2013_Spring,MHxPC130298949,United States,Secondary,1966,m,1
HarvardX/CB22x/2013_Spring,MHxPC130071795,United States,Bachelor's,1952,m,3
HarvardX/CB22x/2013_Spring,MHxPC130203139,Philippines,Bachelor's,1992,f,0
HarvardX/CB22x/2013_Spring,MHxPC130414795,United States,Master's,1965,m,3
HarvardX/CB22x/2013_Spring,MHxPC130382758,United States,Secondary,1978,f,2
HarvardX/CB22x/2013_Spring,MHxPC130229212,Russian Federation,Secondary,1994,f,2
HarvardX/CB22x/2013_Spring,MHxPC130526704,Other South Asia,Secondary,1990,m,2
HarvardX/CB22x/2013_Spring,MHxPC130382932,United States,Secondary,1979,m,8
HarvardX/CB22x/2013_Spring,MHxPC130034081,India,Secondary,1993,m,11
HarvardX/CB22x/2013_Spring,MHxPC130320982,India,Master's,1985,m,32
HarvardX/CB22x/2013_Spring,MHxPC130139749,India,Secondary,1993,m,1
HarvardX/CB22x/2013_Spring,MHxPC130108726,United States,Secondary,1972,m,8
HarvardX/CB22x/2013_Spring,MHxPC130382373,Other Europe,Master's,1988,f,2
HarvardX/CB22x/2013_Spring,MHxPC130446499,Philippines,Bachelor's,1987,f,2
HarvardX/CB22x/2013_Spring,MHxPC130232906,United States,Doctorate,1948,m,7
HarvardX/CB22x/2013_Spring,MHxPC130117213,Canada,Secondary,1991,f,1
HarvardX/CB22x/2013_Spring,MHxPC130512002,Unknown/Other,Secondary,1993,m,0
HarvardX/CB22x/2013_Spring,MHxPC130159400,United States,Master's,1957,m,39
HarvardX/CB22x/2013_Spring,MHxPC130397891,Unknown/Other,Less than Secondary,1995,m,0
HarvardX/CB22x/2013_Spring,MHxPC130532791,United States,Bachelor's,1984,f,4
HarvardX/CB22x/2013_Spring,MHxPC130309402,Brazil,Bachelor's,1984,m,1
HarvardX/CB22x/2013_Spring,MHxPC130535543,Canada,Secondary,1990,m,1
HarvardX/CB22x/2013_Spring,MHxPC130581766,United States,Secondary,1974,m,2
HarvardX/CB22x/2013_Spring,MHxPC130315982,Canada,Secondary,1993,f,0
HarvardX/CB22x/2013_Spring,MHxPC130463275,United States,Bachelor's,1981,m,0
HarvardX/CB22x/2013_Spring,MHxPC130184838,Other Europe,Secondary,1993,f,10
HarvardX/CB22x/2013_Spring,MHxPC130079198,United States,Secondary,1990,m,2
HarvardX/CB22x/2013_Spring,MHxPC130017728,Greece,Secondary,1988,m,1
HarvardX/CB22x/2013_Spring,MHxPC130246930,Unknown/Other,Bachelor's,1990,f,0
HarvardX/CB22x/2013_Spring,MHxPC130399415,Canada,Bachelor's,1984,f,0
HarvardX/CB22x/2013_Spring,MHxPC130442467,United States,Bachelor's,1970,f,0
HarvardX/CB22x/2013_Spring,MHxPC130015938,Greece,Secondary,1965,f,17
HarvardX/CB22x/2013_Spring,MHxPC130002123,United States,Master's,1971,m,2
HarvardX/CB22x/2013_Spring,MHxPC130001232,United States,Master's,1979,f,1
HarvardX/CB22x/2013_Spring,MHxPC130583600,Unknown/Other,Secondary,1991,f,0
HarvardX/CB22x/2013_Spring,MHxPC130293923,Philippines,Secondary,1993,f,4
HarvardX/CB22x/2013_Spring,MHxPC130248599,United States,Doctorate,1980,f,1
HarvardX/CB22x/2013_Spring,MHxPC130264062,United States,Bachelor's,1988,f,7
HarvardX/CB22x/2013_Spring,MHxPC130008314,United States,Master's,1974,m,8
HarvardX/CB22x/2013_Spring,MHxPC130139900,Other Europe,Secondary,1987,m,2
HarvardX/CB22x/2013_Spring,MHxPC130416261,Greece,Master's,1971,f,4
HarvardX/CB22x/2013_Spring,MHxPC130491018,Other South Asia,Bachelor's,1991,m,5
HarvardX/CB22x/2013_Spring,MHxPC130583655,United Kingdom,Bachelor's,1988,f,2
HarvardX/CB22x/2013_Spring,MHxPC130029475,United States,Bachelor's,1978,m,1
HarvardX/CB22x/2013_Spring,MHxPC130451249,India,Secondary,1993,f,1
HarvardX/CB22x/2013_Spring,MHxPC130461242,India,Secondary,1993,m,0
HarvardX/CB22x/2013_Spring,MHxPC130245569,India,Bachelor's,1990,m,1
HarvardX/CB22x/2013_Spring,MHxPC130289759,United States,Secondary,1984,f,1
HarvardX/CB22x/2013_Spring,MHxPC130474924,India,Bachelor's,1991,m,4
HarvardX/CB22x/2013_Spring,MHxPC130153023,Other South Asia,Bachelor's,1988,f,1
HarvardX/CB22x/2013_Spring,MHxPC130233232,Unknown/Other,Secondary,1985,m,0
HarvardX/CB22x/2013_Spring,MHxPC130167152,United States,Secondary,1975,f,0
